employee_id,first_name,last_name,department,job_level,salary,years_experience,city,education,age,gender,performance_score,is_remote,hire_date
E0001,Daniel,Jones,Sales,Senior,98345,23,New York,PhD,53,Female,3.3,0,2000-11-16
E0002,John,Davis,Finance,Mid,64965,21,Austin,Bachelor,50,Male,5.0,0,2002-11-27
E0003,Susan,White,Operations,Lead,130734,4,Denver,High School,31,Female,2.0,0,2019-08-07
E0004,James,Jones,Sales,Mid,78576,20,Seattle,High School,49,Female,1.4,0,2003-11-18
E0005,Susan,Williams,Finance,Mid,62233,8,San Francisco,Bachelor,39,Female,2.0,0,2015-07-01
E0006,Sarah,Johnson,Finance,Lead,126308,4,Boston,Master,27,Female,2.6,0,2019-03-17
E0007,Susan,Williams,Marketing,Lead,117017,16,Denver,PhD,47,Female,4.5,0,2007-07-29
E0008,Karen,Smith,Engineering,Manager,141098,1,Chicago,High School,26,Female,2.5,0,2022-01-08
E0009,Susan,Moore,Sales,Mid,72721,14,Miami,PhD,46,Male,1.3,0,2009-11-18
E0010,David,Wilson,IT,Lead,111536,12,Miami,Bachelor,39,Female,1.5,0,2011-12-02
E0011,Matthew,Johnson,Marketing,Lead,109768,20,Denver,High School,45,Female,4.2,0,2003-07-27
E0012,William,Rodriguez,HR,Junior,46930,0,Chicago,High School,32,Male,1.3,0,2023-05-30
E0013,William,Garcia,Finance,Director,164792,13,New York,High School,43,Female,2.4,0,2010-09-17
E0014,Karen,Garcia,Marketing,Mid,71445,13,Denver,Master,42,Female,4.3,0,2010-05-06
E0015,Robert,Wilson,HR,Junior,63682,21,Boston,High School,52,Male,4.6,0,2002-02-25
E0016,William,Martin,Legal,Senior,88722,25,New York,PhD,57,Male,3.5,0,1998-06-13
E0017,Karen,Garcia,Sales,Junior,47163,23,Denver,Bachelor,48,Female,1.8,1,2000-06-05
E0018,Elizabeth,Martin,Engineering,Senior,111665,11,San Francisco,PhD,33,Female,2.7,0,2012-08-02
E0019,Thomas,Thomas,IT,Manager,145070,10,Boston,Bachelor,33,Male,3.2,0,2013-10-05
E0020,John,Brown,IT,Director,159281,22,San Francisco,High School,53,Female,1.4,0,2001-11-17
E0021,Elizabeth,Thomas,Sales,Director,164552,16,Austin,Bachelor,47,Female,3.2,1,2007-12-20
E0022,Joseph,Smith,Legal,Junior,51488,25,Boston,Bachelor,54,Female,2.1,0,1998-06-10
E0023,Mary,Smith,Finance,Lead,127062,7,New York,Bachelor,29,Female,4.4,0,2016-06-04
E0024,Karen,Taylor,Operations,Senior,90584,18,Austin,PhD,46,Male,4.2,0,2005-09-04
E0025,David,Martin,Marketing,Director,162793,23,Chicago,PhD,47,Male,1.4,0,2000-06-14
E0026,William,Lee,Sales,Director,168904,25,Chicago,Master,53,Male,1.4,1,1998-02-20
E0027,Nancy,Lee,Engineering,Director,175232,18,San Francisco,PhD,42,Male,4.0,1,2005-12-22
E0028,Linda,Davis,Legal,Director,170693,24,Seattle,Bachelor,51,Male,3.9,0,1999-10-04
E0029,Robert,Smith,IT,Senior,106602,1,San Francisco,High School,27,Female,4.7,1,2022-11-20
E0030,Sarah,Anderson,Marketing,Senior,93585,5,Austin,PhD,28,Male,3.0,1,2018-11-24
E0031,Jessica,Taylor,Sales,Lead,125502,2,Boston,PhD,27,Male,1.7,1,2021-01-15
E0032,Patricia,Wilson,Marketing,Director,168589,20,Boston,PhD,51,Male,1.6,0,2003-12-21
E0033,Daniel,Martin,Sales,Mid,79861,0,Chicago,Bachelor,30,Female,1.5,1,2023-12-21
E0034,William,Jackson,Operations,Mid,67201,2,Austin,High School,26,Female,3.8,0,2021-08-17
E0035,Joseph,Miller,Legal,Director,176509,15,Seattle,Bachelor,43,Male,3.7,0,2008-04-17
E0036,Jennifer,Miller,Finance,Lead,108371,18,Miami,PhD,49,Female,2.7,0,2005-07-30
E0037,Michael,Thompson,Operations,Manager,123524,19,Boston,Master,47,Male,2.8,0,2004-05-31
E0038,Daniel,Anderson,Finance,Manager,133428,9,Denver,High School,40,Male,1.7,0,2014-02-07
E0039,Susan,Anderson,Marketing,Senior,93038,2,Chicago,Master,27,Male,1.0,0,2021-01-30
E0040,Karen,Williams,Operations,Mid,75249,18,Denver,Master,45,Male,3.1,1,2005-09-08
E0041,Matthew,Thomas,Finance,Director,169919,25,Denver,Master,57,Female,1.8,1,1998-11-30
E0042,Patricia,Moore,Legal,Lead,106533,8,Chicago,Master,36,Female,1.9,1,2015-11-03
E0043,Elizabeth,Jones,Engineering,Director,175667,18,Denver,High School,40,Male,2.3,1,2005-05-14
E0044,William,Wilson,Legal,Junior,67192,25,Boston,PhD,53,Male,3.2,0,1998-08-06
E0045,Patricia,Anderson,Engineering,Lead,114779,22,San Francisco,High School,51,Male,1.2,1,2001-04-29
E0046,Jennifer,Williams,Sales,Senior,113225,22,Austin,Master,50,Male,4.7,0,2001-09-13
E0047,William,Wilson,Finance,Junior,43630,1,Denver,Master,27,Male,4.7,0,2022-11-24
E0048,Thomas,Brown,Sales,Mid,70463,4,Austin,PhD,35,Female,4.9,0,2019-06-05
E0049,John,Anderson,Legal,Mid,63008,8,Austin,Bachelor,34,Male,1.3,0,2015-01-04
E0050,Michael,Jackson,HR,Junior,61970,6,San Francisco,Master,35,Male,4.3,0,2017-06-19
E0051,Daniel,Brown,Operations,Senior,108216,14,Chicago,Bachelor,46,Female,2.5,0,2009-10-18
E0052,Jennifer,Martinez,HR,Lead,111158,2,San Francisco,Bachelor,28,Female,4.5,0,2021-05-30
E0053,James,Jackson,HR,Junior,69297,14,Miami,Master,38,Female,1.5,0,2009-08-21
E0054,Jessica,Martin,Operations,Lead,111948,4,Boston,High School,32,Female,2.1,1,2019-04-20
E0055,Joseph,Garcia,IT,Director,163847,6,Seattle,PhD,32,Female,1.4,1,2017-09-28
E0056,Matthew,Rodriguez,HR,Junior,47195,3,Austin,High School,25,Male,2.1,0,2020-12-14
E0057,William,Jackson,IT,Lead,117874,3,Austin,Bachelor,28,Male,2.4,1,2020-01-13
E0058,Nancy,Jackson,Finance,Director,150101,3,Seattle,Bachelor,27,Male,2.3,1,2020-04-19
E0059,Sarah,Thomas,Marketing,Senior,114486,14,Boston,High School,38,Male,4.9,0,2009-12-29
E0060,Sarah,Thompson,Marketing,Director,174912,0,New York,PhD,31,Male,2.9,1,2023-07-05
E0061,Daniel,Garcia,Engineering,Manager,142283,9,Chicago,High School,34,Male,2.2,0,2014-04-10
E0062,Sarah,Rodriguez,Legal,Lead,129078,11,Boston,PhD,41,Male,4.3,0,2012-08-25
E0063,Patricia,Rodriguez,Operations,Manager,145379,21,New York,Bachelor,52,Female,4.4,0,2002-05-04
E0064,Jessica,Anderson,Marketing,Senior,101312,0,Austin,High School,25,Male,4.7,0,2023-03-12
E0065,Thomas,Martin,Sales,Senior,113742,20,Chicago,Master,52,Female,4.6,0,2003-04-03
E0066,Daniel,Wilson,IT,Senior,95135,6,San Francisco,PhD,28,Female,3.3,0,2017-03-12
E0067,Robert,Moore,Operations,Senior,88610,0,Chicago,Master,29,Male,2.2,1,2023-01-16
E0068,Matthew,Brown,Finance,Junior,54872,1,New York,PhD,26,Female,1.0,0,2022-08-10
E0069,Daniel,Lee,Engineering,Junior,48238,4,Chicago,High School,31,Female,1.6,0,2019-08-10
E0070,Sarah,Anderson,IT,Manager,122644,9,Austin,PhD,34,Female,2.6,0,2014-12-18
E0071,Jessica,Wilson,Finance,Senior,104563,9,Chicago,Bachelor,33,Female,1.5,0,2014-03-21
E0072,Thomas,Lee,Finance,Senior,87804,9,Chicago,PhD,40,Female,1.4,0,2014-02-16
E0073,Susan,Thomas,Operations,Manager,142451,22,Miami,PhD,49,Female,2.8,0,2001-05-12
E0074,Elizabeth,Davis,Engineering,Lead,107897,24,Boston,Bachelor,48,Female,1.2,0,1999-02-27
E0075,Thomas,Johnson,Marketing,Lead,126957,0,San Francisco,High School,29,Female,4.3,0,2023-04-11
E0076,David,Johnson,Operations,Manager,123191,9,San Francisco,High School,40,Male,3.1,0,2014-05-02
E0077,Elizabeth,Martinez,Legal,Mid,67325,21,New York,PhD,53,Male,1.5,1,2002-10-19
E0078,Sarah,Smith,Sales,Manager,123174,7,Miami,PhD,32,Male,4.7,1,2016-11-10
E0079,Nancy,Moore,Legal,Mid,86878,7,San Francisco,PhD,37,Male,3.5,1,2016-08-22
E0080,Sarah,Jackson,HR,Mid,76761,23,Seattle,Master,53,Male,4.8,0,2000-09-26
E0081,Jessica,Thomas,Finance,Lead,117642,22,Chicago,High School,45,Female,2.8,0,2001-05-14
E0082,Nancy,Moore,Engineering,Manager,129920,1,New York,Master,33,Male,2.9,0,2022-02-02
E0083,Michael,Anderson,Finance,Junior,45187,11,Denver,High School,41,Male,3.6,0,2012-04-21
E0084,Elizabeth,Taylor,Operations,Lead,128435,25,San Francisco,PhD,49,Female,4.9,0,1998-08-18
E0085,William,Jones,Marketing,Manager,143216,16,Boston,Master,48,Female,1.3,1,2007-04-11
E0086,Sarah,Wilson,Marketing,Mid,63163,21,Austin,Bachelor,44,Male,4.6,1,2002-04-26
E0087,Patricia,Johnson,IT,Lead,107109,1,San Francisco,PhD,32,Female,3.4,0,2022-08-26
E0088,Robert,Thompson,Marketing,Senior,88527,22,Austin,Bachelor,51,Female,3.0,0,2001-06-27
E0089,Michael,Williams,HR,Mid,84318,5,New York,High School,33,Male,1.1,1,2018-04-07
E0090,John,Wilson,Engineering,Senior,110375,13,Chicago,PhD,44,Male,4.3,0,2010-03-31
E0091,Robert,Williams,Legal,Manager,131537,11,Miami,PhD,42,Female,4.5,0,2012-03-23
E0092,Linda,Johnson,Marketing,Manager,129772,3,Boston,High School,26,Male,4.3,1,2020-04-21
E0093,Elizabeth,Williams,Finance,Lead,128044,11,Austin,Master,34,Female,3.5,0,2012-10-15
E0094,Mary,Wilson,Sales,Manager,135433,8,Denver,Master,40,Male,2.3,0,2015-12-19
E0095,Mary,Davis,Marketing,Mid,77926,23,Miami,High School,50,Male,2.4,1,2000-02-02
E0096,Sarah,Jones,IT,Manager,144225,19,Seattle,High School,42,Male,1.1,0,2004-03-29
E0097,Mary,Smith,Operations,Lead,120649,9,Austin,PhD,34,Male,3.2,1,2014-12-24
E0098,Robert,Brown,IT,Director,154103,13,Miami,High School,41,Female,2.4,0,2010-03-29
E0099,Linda,Thomas,Engineering,Mid,67603,2,New York,High School,33,Male,4.3,1,2021-12-27
E0100,Susan,White,Marketing,Lead,110917,9,Austin,Master,31,Male,3.4,0,2014-07-27
E0101,Michael,Jackson,Sales,Director,152516,2,Boston,Bachelor,28,Female,3.9,0,2021-03-29
E0102,Karen,Martin,Finance,Director,158002,16,San Francisco,High School,42,Female,4.6,0,2007-07-26
E0103,Linda,Martinez,Legal,Senior,87570,6,Austin,High School,30,Female,3.9,0,2017-04-11
E0104,Patricia,Smith,Engineering,Mid,82883,14,Miami,High School,46,Female,2.1,0,2009-05-17
E0105,James,Taylor,Sales,Junior,49145,19,Denver,PhD,47,Male,1.9,0,2004-04-27
E0106,Karen,Anderson,IT,Manager,121712,21,New York,Master,47,Female,4.2,0,2002-12-21
E0107,Mary,Brown,Engineering,Senior,108782,19,Denver,Master,47,Female,2.7,0,2004-06-01
E0108,James,Rodriguez,Finance,Mid,72494,14,Seattle,High School,39,Male,4.1,1,2009-10-29
E0109,William,White,IT,Junior,60170,8,New York,High School,35,Female,3.3,0,2015-08-19
E0110,James,Moore,Finance,Mid,74542,14,New York,Master,36,Female,3.6,0,2009-05-24
E0111,Karen,Wilson,IT,Junior,58991,2,San Francisco,PhD,28,Male,2.0,0,2021-02-23
E0112,Robert,White,Finance,Lead,109168,7,New York,Bachelor,39,Male,3.6,1,2016-10-05
E0113,Mary,Rodriguez,Legal,Manager,130398,1,Seattle,High School,31,Female,3.2,1,2022-09-07
E0114,Patricia,Martin,HR,Senior,88577,2,San Francisco,Bachelor,32,Male,2.3,0,2021-05-19
E0115,James,Wilson,IT,Junior,61033,13,Boston,Master,39,Female,4.6,0,2010-10-23
E0116,Elizabeth,Jones,Finance,Manager,121020,5,New York,High School,32,Male,4.2,0,2018-12-11
E0117,Robert,Taylor,Operations,Mid,72413,18,San Francisco,High School,40,Male,3.3,0,2005-02-03
E0118,Nancy,Jackson,IT,Manager,144020,3,Miami,Master,33,Female,1.8,0,2020-12-06
E0119,Thomas,Wilson,HR,Senior,92965,25,San Francisco,Bachelor,52,Female,3.9,0,1998-09-11
E0120,Susan,Jackson,Operations,Junior,51533,17,Austin,PhD,47,Female,1.9,0,2006-11-27
E0121,Matthew,Jones,Marketing,Manager,128026,24,Seattle,Master,52,Female,2.3,1,1999-01-27
E0122,Michael,Garcia,IT,Manager,124862,18,Miami,High School,47,Male,1.5,1,2005-02-16
E0123,James,Garcia,Legal,Director,153309,4,San Francisco,Bachelor,26,Female,4.6,0,2019-05-27
E0124,David,Wilson,IT,Director,168249,7,San Francisco,High School,33,Male,4.0,0,2016-11-03
E0125,Sarah,Jones,Legal,Lead,125671,14,Chicago,High School,42,Male,4.6,0,2009-08-09
E0126,Thomas,Garcia,Operations,Director,171279,14,Seattle,High School,42,Male,2.2,0,2009-07-24
E0127,Robert,Johnson,IT,Senior,95577,12,Austin,PhD,39,Female,3.3,0,2011-10-05
E0128,William,Jackson,Sales,Senior,94332,5,Miami,Bachelor,28,Male,2.2,0,2018-08-08
E0129,Michael,Lee,Sales,Mid,81837,8,Chicago,High School,32,Male,4.8,0,2015-11-15
E0130,Elizabeth,Thompson,HR,Junior,56002,0,Denver,PhD,27,Male,4.3,1,2023-09-19
E0131,Sarah,Rodriguez,Sales,Director,173144,3,San Francisco,Bachelor,32,Female,3.9,1,2020-05-25
E0132,David,Garcia,Operations,Junior,64388,25,Boston,Master,50,Female,3.5,0,1998-11-30
E0133,Patricia,Martin,Sales,Director,172542,10,Boston,Bachelor,32,Male,4.8,0,2013-05-27
E0134,Michael,Rodriguez,HR,Mid,79213,12,Miami,Bachelor,37,Female,4.3,0,2011-01-25
E0135,Michael,Smith,Finance,Mid,66506,20,Denver,High School,43,Female,3.2,1,2003-04-17
E0136,Joseph,Thompson,Marketing,Junior,53702,22,Austin,Master,48,Female,3.1,0,2001-02-26
E0137,Sarah,Taylor,Finance,Mid,88673,9,Boston,PhD,41,Female,1.4,1,2014-04-30
E0138,Jessica,Brown,Finance,Lead,119652,10,Chicago,PhD,35,Female,3.6,0,2013-01-29
E0139,Nancy,Thomas,IT,Director,154196,24,Austin,High School,53,Female,2.1,1,1999-05-02
E0140,David,Thomas,IT,Junior,58424,24,Denver,PhD,51,Female,2.6,0,1999-08-27
E0141,Mary,Martinez,Finance,Lead,128861,7,Miami,PhD,34,Male,3.3,1,2016-02-12
E0142,Robert,White,HR,Director,153614,19,New York,High School,50,Female,1.4,0,2004-07-21
E0143,Michael,Anderson,Operations,Manager,122079,20,Austin,Bachelor,42,Female,4.4,1,2003-04-16
E0144,Linda,Smith,Marketing,Senior,95862,13,New York,High School,38,Male,3.0,0,2010-03-27
E0145,Linda,Johnson,Engineering,Mid,69276,9,Seattle,High School,31,Female,3.6,1,2014-09-08
E0146,Jessica,Smith,Finance,Junior,42507,2,New York,Bachelor,32,Male,3.9,0,2021-01-06
E0147,Daniel,Smith,HR,Manager,148157,9,Seattle,Master,36,Female,1.8,1,2014-05-31
E0148,Jessica,Lee,Legal,Lead,114543,13,Seattle,PhD,36,Female,4.6,0,2010-09-13
E0149,Karen,Brown,HR,Lead,105564,15,Miami,Bachelor,43,Male,2.6,1,2008-06-28
E0150,David,Jones,Operations,Lead,123453,3,San Francisco,High School,35,Male,1.8,0,2020-07-26
E0151,Daniel,Thompson,HR,Junior,44631,12,Austin,High School,43,Female,2.0,0,2011-05-07
E0152,Jessica,Smith,Operations,Mid,61196,10,Seattle,Bachelor,41,Female,3.2,0,2013-03-03
E0153,Karen,Williams,HR,Senior,100118,22,San Francisco,PhD,51,Male,2.5,0,2001-04-18
E0154,Thomas,Brown,Marketing,Manager,144515,3,New York,PhD,27,Female,1.7,0,2020-09-22
E0155,James,Martinez,Legal,Mid,84543,17,San Francisco,PhD,45,Female,3.9,0,2006-06-15
E0156,Jennifer,Jones,Finance,Manager,130563,19,Seattle,Bachelor,46,Female,3.1,1,2004-03-23
E0157,Daniel,Jackson,Legal,Mid,70819,23,New York,Master,47,Female,1.7,0,2000-10-14
E0158,Patricia,Lee,Engineering,Senior,107985,6,Miami,Master,31,Male,1.2,0,2017-01-12
E0159,Susan,Smith,Marketing,Junior,51483,20,Austin,Master,50,Female,4.3,0,2003-09-13
E0160,Karen,Lee,Finance,Senior,105463,24,Austin,High School,52,Male,1.4,1,1999-08-30
E0161,Matthew,Taylor,Marketing,Senior,103470,3,Boston,Master,27,Female,1.8,1,2020-04-09
E0162,Robert,Garcia,HR,Mid,62992,25,Miami,High School,56,Female,1.3,0,1998-10-24
E0163,Sarah,Wilson,Marketing,Manager,146451,14,Seattle,High School,42,Male,3.2,0,2009-01-29
E0164,David,Martin,IT,Director,165547,11,San Francisco,Bachelor,37,Male,4.8,0,2012-04-11
E0165,William,Brown,Marketing,Lead,123366,14,Denver,Master,43,Male,1.1,0,2009-01-14
E0166,Nancy,Lee,Legal,Director,161337,23,Austin,PhD,51,Female,1.7,0,2000-09-19
E0167,James,Thompson,Engineering,Mid,74486,11,Seattle,Master,41,Male,4.6,0,2012-09-26
E0168,Sarah,Taylor,Engineering,Manager,128946,1,New York,Master,33,Female,3.5,0,2022-08-14
E0169,Sarah,Garcia,Engineering,Director,165427,19,Miami,High School,51,Male,2.5,0,2004-05-18
E0170,Jessica,Brown,Marketing,Director,174123,5,New York,PhD,29,Male,2.3,0,2018-11-21
E0171,David,Garcia,Finance,Mid,81466,19,Boston,High School,41,Female,2.7,0,2004-07-19
E0172,William,Williams,Engineering,Junior,46322,24,Chicago,PhD,54,Male,2.1,1,1999-10-24
E0173,William,Lee,IT,Mid,80817,23,Boston,High School,45,Female,2.9,0,2000-07-31
E0174,Jennifer,Williams,Sales,Manager,135171,2,Chicago,Master,25,Male,4.1,0,2021-11-16
E0175,Elizabeth,Miller,HR,Director,162272,14,Chicago,Master,37,Male,2.5,1,2009-08-31
E0176,Michael,Rodriguez,Finance,Mid,78515,10,Austin,Bachelor,38,Female,2.0,0,2013-09-10
E0177,Daniel,Moore,Sales,Lead,116637,18,Chicago,High School,45,Female,1.6,0,2005-07-11
E0178,Michael,Wilson,IT,Senior,106168,25,Seattle,High School,57,Male,2.0,0,1998-08-13
E0179,Sarah,Jones,Engineering,Junior,56942,21,Miami,Master,53,Female,3.3,0,2002-10-03
E0180,James,Garcia,Engineering,Senior,107979,3,Denver,PhD,35,Female,2.3,0,2020-07-02
E0181,Jennifer,Smith,Marketing,Senior,95036,5,Miami,PhD,34,Female,3.9,0,2018-03-29
E0182,Sarah,Taylor,HR,Senior,108703,11,Seattle,High School,42,Male,4.1,0,2012-07-15
E0183,Joseph,Thompson,Sales,Lead,118955,24,New York,Bachelor,50,Male,4.7,0,1999-03-18
E0184,David,Johnson,HR,Manager,144636,4,San Francisco,Master,28,Male,4.2,0,2019-01-28
E0185,Jennifer,Martinez,Marketing,Lead,105027,21,Seattle,High School,45,Male,1.9,1,2002-09-26
E0186,Susan,Smith,Sales,Director,158019,4,Miami,Bachelor,36,Female,1.4,0,2019-03-24
E0187,Thomas,Davis,IT,Director,156962,15,San Francisco,PhD,47,Male,2.3,0,2008-06-26
E0188,Nancy,Taylor,IT,Senior,114426,9,San Francisco,Master,41,Female,3.7,0,2014-05-31
E0189,Susan,Anderson,Engineering,Mid,89018,19,Boston,High School,43,Female,4.7,0,2004-09-07
E0190,Jessica,Williams,Marketing,Lead,111159,1,Boston,PhD,26,Male,2.7,1,2022-07-31
E0191,Jessica,Garcia,IT,Director,176911,15,Chicago,PhD,37,Male,2.9,1,2008-08-24
E0192,David,Jones,Sales,Director,178261,12,Denver,PhD,34,Male,2.9,0,2011-10-14
E0193,William,Brown,IT,Lead,130275,1,Miami,Master,27,Female,3.8,0,2022-05-29
E0194,Joseph,Williams,Operations,Junior,65739,5,Chicago,High School,33,Female,4.8,0,2018-04-05
E0195,Mary,Moore,Finance,Mid,76872,19,Seattle,High School,48,Male,4.5,0,2004-05-28
E0196,David,Martinez,Engineering,Manager,142491,11,New York,Master,37,Male,2.2,0,2012-05-31
E0197,Patricia,Anderson,Legal,Senior,94754,20,New York,PhD,42,Male,1.7,0,2003-03-07
E0198,William,Anderson,Marketing,Director,154739,20,Miami,Bachelor,49,Female,1.2,0,2003-05-31
E0199,Joseph,Martin,Engineering,Mid,79967,23,San Francisco,Master,55,Female,2.7,1,2000-11-16
E0200,Patricia,Miller,Finance,Director,171394,23,Seattle,Master,46,Male,3.8,1,2000-05-30
E0201,Jennifer,Rodriguez,Legal,Mid,84927,13,New York,PhD,39,Male,3.7,1,2010-01-17
E0202,Robert,Rodriguez,IT,Mid,60613,25,Seattle,PhD,53,Female,1.4,1,1998-02-05
E0203,Nancy,Moore,Operations,Mid,62088,19,Denver,Master,45,Female,2.9,0,2004-01-07
E0204,Thomas,Jackson,Operations,Senior,95474,11,Austin,Bachelor,40,Female,2.0,1,2012-10-18
E0205,Michael,Martin,Sales,Director,165942,17,Boston,Master,44,Female,4.0,0,2006-11-24
E0206,Nancy,Anderson,Legal,Junior,45108,19,Denver,PhD,50,Male,4.0,1,2004-10-12
E0207,Nancy,Brown,Legal,Mid,72297,17,San Francisco,PhD,41,Male,1.8,1,2006-06-26
E0208,Jessica,Anderson,Finance,Mid,88340,5,Austin,PhD,33,Female,2.3,0,2018-03-27
E0209,David,Martin,Sales,Director,178991,21,Denver,Bachelor,53,Female,3.0,0,2002-02-15
E0210,James,Lee,Legal,Mid,88617,5,Boston,PhD,33,Male,3.7,1,2018-08-08
E0211,Nancy,Davis,IT,Lead,118444,6,Chicago,High School,38,Female,4.8,0,2017-12-19
E0212,John,Anderson,HR,Mid,78655,20,New York,PhD,49,Male,4.4,1,2003-01-21
E0213,Michael,Wilson,Operations,Director,178660,7,Chicago,Master,31,Male,4.6,1,2016-05-06
E0214,Linda,Garcia,Legal,Lead,113029,21,Miami,High School,52,Female,4.5,0,2002-05-24
E0215,Jessica,Martin,HR,Lead,128660,2,Miami,PhD,24,Male,4.1,0,2021-12-16
E0216,James,Moore,Sales,Director,175447,19,Miami,High School,51,Female,4.2,0,2004-04-07
E0217,Thomas,Thomas,Engineering,Senior,98088,22,San Francisco,High School,52,Male,4.4,0,2001-02-18
E0218,David,Jones,Sales,Director,155536,11,Austin,PhD,39,Male,2.1,0,2012-02-02
E0219,William,Wilson,Sales,Lead,134464,22,Seattle,PhD,51,Female,4.1,0,2001-09-03
E0220,Daniel,Martinez,Finance,Manager,121171,24,New York,Bachelor,48,Female,3.3,0,1999-10-24
E0221,Sarah,Moore,Finance,Director,155187,18,Seattle,Bachelor,50,Male,1.6,1,2005-08-02
E0222,Matthew,Martinez,IT,Senior,105865,7,Chicago,High School,29,Female,2.5,0,2016-09-16
E0223,Robert,Thompson,IT,Lead,125265,5,Boston,Master,32,Female,4.5,0,2018-02-07
E0224,James,Williams,Marketing,Manager,135795,5,Boston,Bachelor,34,Female,1.8,1,2018-06-22
E0225,Matthew,Smith,Sales,Director,156453,11,Austin,Bachelor,40,Female,3.7,0,2012-05-13
E0226,Karen,Lee,Sales,Senior,101627,2,San Francisco,High School,28,Female,3.3,1,2021-03-24
E0227,Linda,Moore,Finance,Director,155986,22,Chicago,High School,54,Female,3.2,1,2001-09-03
E0228,Elizabeth,Johnson,HR,Director,177220,2,Austin,Bachelor,26,Male,3.3,0,2021-04-09
E0229,John,Miller,Legal,Junior,57594,25,Miami,High School,47,Female,1.3,1,1998-07-28
E0230,Matthew,Thomas,HR,Manager,135965,9,San Francisco,PhD,40,Male,3.4,0,2014-12-30
E0231,William,Jackson,Legal,Junior,48249,24,Chicago,Master,52,Female,3.1,0,1999-03-06
E0232,William,Lee,Finance,Senior,113418,17,Seattle,PhD,42,Male,4.9,0,2006-07-15
E0233,Jennifer,Garcia,Legal,Junior,50459,16,San Francisco,PhD,45,Female,1.4,0,2007-04-27
E0234,Patricia,Davis,Operations,Director,172510,17,Austin,Master,41,Female,2.3,0,2006-09-28
E0235,Robert,Wilson,Sales,Director,159832,19,Chicago,Bachelor,44,Female,4.1,0,2004-03-19
E0236,Jessica,Rodriguez,Marketing,Senior,101923,15,Austin,Master,47,Female,4.7,0,2008-03-06
E0237,Thomas,Martinez,Operations,Mid,70034,10,Denver,PhD,37,Female,1.0,0,2013-07-26
E0238,William,Smith,Engineering,Lead,116587,20,Austin,Bachelor,44,Female,2.2,0,2003-05-18
E0239,Karen,Miller,Operations,Lead,130916,12,Austin,PhD,39,Female,1.4,1,2011-03-25
E0240,Mary,Taylor,Operations,Director,165718,23,Miami,Bachelor,54,Female,4.9,0,2000-05-11
E0241,Karen,Anderson,Engineering,Junior,41838,20,Miami,Master,47,Male,2.9,0,2003-08-18
E0242,Robert,Thompson,Sales,Senior,110403,23,Seattle,Bachelor,51,Male,2.8,0,2000-10-21
E0243,John,Wilson,Finance,Manager,137400,9,Boston,PhD,31,Male,1.7,0,2014-10-24
E0244,William,Rodriguez,Legal,Senior,95912,6,New York,Bachelor,38,Male,3.6,0,2017-01-07
E0245,Susan,Smith,Legal,Junior,67252,16,Denver,High School,38,Female,4.2,0,2007-04-18
E0246,John,Lee,Operations,Director,152199,23,San Francisco,Bachelor,46,Male,3.3,0,2000-03-23
E0247,Thomas,Moore,HR,Junior,65136,21,Chicago,Master,49,Male,1.7,0,2002-08-18
E0248,Joseph,Thompson,Legal,Manager,145595,22,Seattle,High School,50,Female,1.1,1,2001-12-27
E0249,David,Lee,IT,Mid,68482,7,Miami,Bachelor,38,Female,4.6,0,2016-01-23
E0250,Jennifer,Brown,Marketing,Mid,85329,4,New York,High School,29,Male,3.2,0,2019-07-29
E0251,Elizabeth,Garcia,Operations,Senior,92540,21,Denver,Master,46,Male,4.7,1,2002-09-25
E0252,James,Moore,Operations,Junior,44499,14,Austin,PhD,37,Male,2.8,0,2009-06-26
E0253,Daniel,Thompson,HR,Lead,124340,3,San Francisco,Bachelor,26,Male,1.5,0,2020-10-04
E0254,John,Martin,Operations,Director,160383,13,Boston,PhD,38,Female,3.0,0,2010-09-19
E0255,Patricia,Anderson,Engineering,Junior,52452,25,Boston,Master,53,Male,2.7,0,1998-06-17
E0256,Joseph,Jackson,Finance,Mid,82977,2,New York,Master,34,Female,1.2,0,2021-02-06
E0257,Robert,Jackson,Marketing,Manager,120303,4,New York,High School,34,Male,4.5,0,2019-10-15
E0258,Jennifer,Martin,Operations,Manager,133594,5,Chicago,Bachelor,33,Female,4.5,1,2018-10-06
E0259,Susan,Rodriguez,Marketing,Junior,56303,6,Boston,High School,32,Male,2.3,0,2017-06-10
E0260,Karen,Taylor,Engineering,Director,178574,4,Chicago,Bachelor,32,Male,1.1,0,2019-12-10
E0261,Jessica,Lee,Sales,Lead,107173,3,Miami,Bachelor,32,Male,2.2,0,2020-05-09
E0262,Nancy,Brown,Finance,Mid,70580,21,Miami,PhD,51,Male,1.5,0,2002-07-03
E0263,Elizabeth,White,Marketing,Mid,81600,2,San Francisco,Bachelor,25,Male,2.0,0,2021-06-09
E0264,Daniel,Martin,Finance,Senior,108280,14,Seattle,Bachelor,46,Female,2.7,0,2009-03-08
E0265,Mary,Miller,Engineering,Director,179688,25,Chicago,High School,53,Male,3.5,0,1998-02-18
E0266,Sarah,Jackson,HR,Mid,73001,10,Boston,Bachelor,32,Female,2.8,1,2013-03-17
E0267,Daniel,Wilson,Finance,Manager,134413,3,Boston,Bachelor,29,Female,2.4,0,2020-02-01
E0268,William,Williams,Legal,Director,153162,21,Boston,PhD,48,Male,4.9,1,2002-04-16
E0269,Elizabeth,Jones,HR,Lead,132199,3,Boston,Master,26,Female,2.7,0,2020-03-26
E0270,Robert,Davis,Sales,Manager,125983,12,New York,Bachelor,42,Female,3.1,0,2011-09-27
E0271,Daniel,Garcia,Engineering,Manager,131883,17,Boston,Bachelor,42,Male,3.7,0,2006-01-15
E0272,Michael,Rodriguez,HR,Director,154982,17,New York,PhD,48,Female,2.6,0,2006-06-02
E0273,James,Williams,IT,Lead,120335,10,Seattle,Master,34,Male,4.7,0,2013-08-03
E0274,Sarah,Garcia,Sales,Junior,64745,13,Austin,PhD,37,Male,3.6,0,2010-10-23
E0275,William,Jones,HR,Mid,87339,11,Denver,High School,34,Male,1.8,1,2012-09-10
E0276,Elizabeth,Martin,Finance,Senior,85352,20,San Francisco,PhD,43,Male,3.6,1,2003-04-15
E0277,John,Wilson,Sales,Manager,144343,19,Seattle,High School,48,Female,4.4,1,2004-10-19
E0278,Linda,Martin,Legal,Lead,124168,5,San Francisco,High School,34,Female,2.0,0,2018-08-06
E0279,Patricia,Rodriguez,Legal,Director,164171,13,Seattle,Master,35,Female,2.7,0,2010-02-12
E0280,Matthew,Jackson,Operations,Junior,40423,3,Austin,PhD,32,Female,1.4,0,2020-08-30
E0281,Daniel,Taylor,Legal,Manager,139878,18,New York,High School,46,Male,3.3,1,2005-03-01
E0282,Joseph,Johnson,HR,Senior,104009,21,Boston,PhD,52,Female,3.3,0,2002-06-05
E0283,James,Miller,IT,Director,174392,24,Chicago,High School,52,Female,1.4,0,1999-01-30
E0284,Susan,Anderson,Engineering,Director,164962,8,Austin,Master,35,Female,4.1,0,2015-01-19
E0285,David,Taylor,Finance,Mid,66860,17,Boston,Bachelor,47,Female,4.4,0,2006-02-08
E0286,Joseph,Wilson,HR,Senior,112154,9,Miami,Bachelor,32,Female,1.8,0,2014-11-18
E0287,Jennifer,Garcia,Legal,Senior,96042,25,Boston,High School,54,Male,1.8,0,1998-07-06
E0288,John,Miller,Finance,Manager,137637,5,San Francisco,High School,33,Female,4.4,1,2018-02-20
E0289,Patricia,Martinez,Operations,Manager,131593,12,San Francisco,Master,36,Male,2.8,1,2011-06-21
E0290,Linda,Davis,Marketing,Director,158971,0,Austin,PhD,29,Male,1.6,1,2023-09-09
E0291,Karen,Thompson,Engineering,Manager,135835,14,Austin,PhD,42,Male,4.4,0,2009-03-26
E0292,Jessica,Anderson,IT,Director,158568,22,Boston,Bachelor,49,Female,3.2,1,2001-08-25
E0293,Matthew,Jones,Marketing,Senior,113178,22,San Francisco,PhD,47,Female,1.4,0,2001-04-06
E0294,Linda,Moore,HR,Director,161414,22,Seattle,High School,54,Female,3.5,0,2001-03-29
E0295,Karen,Johnson,IT,Junior,45614,0,Boston,PhD,30,Male,1.3,0,2023-05-17
E0296,Nancy,Jackson,Finance,Manager,128257,23,Denver,Bachelor,45,Female,1.9,0,2000-01-07
E0297,Robert,Lee,Finance,Senior,92620,18,Boston,High School,48,Male,3.8,0,2005-06-11
E0298,Jennifer,Miller,Sales,Junior,60114,2,Austin,Bachelor,32,Male,1.1,0,2021-06-04
E0299,Joseph,Thomas,Sales,Senior,87919,3,Denver,PhD,31,Male,4.4,1,2020-03-14
E0300,Sarah,Williams,Finance,Senior,90813,22,Chicago,Master,50,Female,1.8,0,2001-08-30
E0301,William,Smith,Sales,Senior,99802,24,New York,High School,47,Female,1.4,1,1999-04-14
E0302,Matthew,Thompson,Engineering,Junior,50710,12,Boston,High School,38,Male,1.8,0,2011-12-21
E0303,Robert,White,Marketing,Manager,127155,11,Boston,Bachelor,34,Female,3.8,0,2012-01-20
E0304,Mary,Lee,Marketing,Manager,124877,14,San Francisco,Master,36,Female,1.4,0,2009-02-20
E0305,Nancy,Wilson,Marketing,Junior,56307,6,Miami,PhD,37,Female,4.8,0,2017-10-15
E0306,Sarah,Miller,Sales,Senior,93068,11,Denver,High School,35,Female,1.2,0,2012-09-03
E0307,Daniel,Williams,Legal,Director,173187,24,Boston,PhD,55,Male,2.1,1,1999-11-18
E0308,Joseph,Williams,HR,Senior,105523,13,Miami,High School,41,Female,1.4,0,2010-05-27
E0309,Mary,Martin,IT,Senior,101305,25,New York,Bachelor,51,Male,2.2,0,1998-01-22
E0310,James,Johnson,Marketing,Director,160277,23,Seattle,PhD,45,Male,2.4,0,2000-04-08
E0311,Susan,Johnson,IT,Director,166658,16,Austin,High School,40,Female,4.8,0,2007-04-20
E0312,Matthew,White,Operations,Junior,63397,6,New York,High School,35,Female,1.8,0,2017-09-19
E0313,Jennifer,Taylor,Finance,Junior,69635,7,Austin,Master,39,Female,1.2,1,2016-07-17
E0314,Matthew,Martinez,HR,Manager,141906,8,Austin,Master,36,Female,3.8,0,2015-01-20
E0315,Nancy,Smith,IT,Lead,114112,6,Denver,High School,35,Female,1.5,0,2017-08-26
E0316,John,Garcia,Sales,Director,153748,3,Boston,Bachelor,27,Female,4.8,0,2020-04-26
E0317,William,Brown,IT,Senior,102572,9,San Francisco,PhD,35,Male,4.8,0,2014-03-18
E0318,Sarah,Brown,Legal,Mid,64165,16,San Francisco,Bachelor,38,Male,4.3,1,2007-05-10
E0319,Robert,Moore,Sales,Mid,74285,19,New York,Bachelor,46,Male,3.9,1,2004-05-26
E0320,Thomas,Miller,Engineering,Mid,71185,8,New York,PhD,32,Female,1.6,1,2015-07-08
E0321,Thomas,Smith,Sales,Mid,66028,20,Miami,High School,45,Male,3.4,1,2003-07-19
E0322,John,Thomas,Marketing,Mid,77928,10,New York,Bachelor,32,Female,2.5,1,2013-11-07
E0323,Matthew,Johnson,Sales,Director,157656,0,Denver,High School,28,Male,4.0,1,2023-12-31
E0324,Joseph,Martinez,Sales,Junior,61261,15,Denver,PhD,46,Male,3.7,0,2008-02-09
E0325,Karen,Anderson,Operations,Director,164908,15,Austin,Bachelor,39,Female,3.5,1,2008-05-17
E0326,Jessica,Martinez,IT,Senior,113899,5,Chicago,High School,32,Female,2.6,0,2018-12-23
E0327,Joseph,Thomas,HR,Lead,109096,20,Denver,PhD,47,Female,2.8,0,2003-09-22
E0328,Daniel,Miller,Operations,Senior,95682,21,Austin,Bachelor,49,Male,3.3,0,2002-10-30
E0329,Elizabeth,Miller,Operations,Lead,122963,24,Denver,Bachelor,52,Female,1.4,0,1999-06-30
E0330,David,Lee,Finance,Manager,133504,1,Chicago,PhD,26,Female,1.7,0,2022-09-12
E0331,Matthew,Jones,HR,Lead,123592,21,Denver,Bachelor,45,Male,2.6,0,2002-08-20
E0332,Mary,Brown,Marketing,Lead,115361,19,San Francisco,High School,50,Male,1.0,0,2004-04-09
E0333,Michael,Jones,Engineering,Senior,112938,2,Austin,Master,29,Male,2.5,0,2021-07-03
E0334,Elizabeth,Brown,Legal,Lead,116095,22,Chicago,Bachelor,46,Male,2.7,0,2001-08-11
E0335,William,Davis,IT,Mid,78404,17,San Francisco,Bachelor,49,Female,1.4,1,2006-05-10
E0336,Matthew,Anderson,IT,Lead,117431,15,Miami,Bachelor,39,Female,4.6,0,2008-12-25
E0337,Robert,White,Operations,Senior,87785,11,Seattle,PhD,34,Male,1.4,0,2012-10-05
E0338,Nancy,Jackson,HR,Director,160508,9,New York,PhD,32,Male,2.5,1,2014-07-06
E0339,Jennifer,Johnson,Finance,Manager,149631,0,Austin,Master,29,Female,2.8,0,2023-07-22
E0340,John,Wilson,Engineering,Senior,109575,24,New York,Bachelor,56,Male,3.9,1,1999-05-18
E0341,Mary,Rodriguez,IT,Mid,89639,15,Denver,Master,43,Female,4.2,0,2008-06-20
E0342,William,Lee,IT,Lead,128176,10,Austin,PhD,34,Female,2.1,0,2013-07-10
E0343,James,Jones,Sales,Director,179928,10,San Francisco,Bachelor,40,Male,1.7,1,2013-11-06
E0344,David,White,HR,Junior,68301,2,San Francisco,Bachelor,24,Female,3.5,0,2021-12-26
E0345,John,Garcia,Sales,Manager,123996,1,San Francisco,High School,25,Male,2.7,0,2022-09-21
E0346,Daniel,Miller,HR,Junior,63493,2,Miami,Bachelor,30,Female,3.4,1,2021-07-21
E0347,Jennifer,Martin,Finance,Director,172156,18,New York,High School,40,Male,4.9,1,2005-05-24
E0348,Jennifer,Wilson,HR,Director,154063,22,Austin,Bachelor,45,Female,3.5,0,2001-10-02
E0349,William,Anderson,IT,Manager,140991,9,Austin,High School,34,Female,2.1,1,2014-05-30
E0350,Jessica,Williams,Engineering,Junior,56184,11,Miami,High School,33,Male,2.3,0,2012-02-21
E0351,Matthew,Rodriguez,Operations,Director,172317,19,Boston,PhD,51,Female,4.0,0,2004-12-03
E0352,Michael,Davis,Legal,Senior,110015,15,Chicago,High School,42,Female,2.6,0,2008-03-31
E0353,Robert,Taylor,Operations,Lead,120192,14,Denver,High School,43,Male,4.2,0,2009-10-18
E0354,Jennifer,Jones,Marketing,Lead,116983,0,Chicago,Bachelor,28,Male,1.1,0,2023-01-28
E0355,Jennifer,Martinez,Finance,Senior,91480,0,Seattle,Bachelor,29,Male,2.9,0,2023-06-15
E0356,Mary,Anderson,IT,Lead,132905,5,San Francisco,High School,34,Female,3.8,0,2018-01-27
E0357,Sarah,Smith,Marketing,Mid,76998,15,Seattle,Bachelor,40,Female,3.5,0,2008-06-05
E0358,Elizabeth,Wilson,IT,Manager,123992,19,Boston,Bachelor,43,Female,3.3,0,2004-04-09
E0359,David,Davis,Engineering,Lead,117124,13,Boston,PhD,38,Female,3.2,0,2010-09-19
E0360,Matthew,Davis,Operations,Director,156369,4,Austin,Bachelor,31,Female,3.3,0,2019-02-13
E0361,Nancy,Wilson,Operations,Manager,148859,3,San Francisco,PhD,31,Female,3.4,0,2020-10-18
E0362,Robert,Anderson,Finance,Junior,54728,12,New York,PhD,37,Male,1.9,1,2011-08-16
E0363,David,Jackson,Operations,Manager,135812,17,Boston,Bachelor,41,Male,4.8,0,2006-08-19
E0364,Daniel,Martinez,Sales,Senior,109032,1,Austin,PhD,26,Female,3.8,0,2022-04-08
E0365,James,Thomas,Finance,Senior,91692,4,San Francisco,Master,30,Female,4.1,0,2019-12-21
E0366,Thomas,Wilson,Legal,Director,162518,17,San Francisco,Master,41,Female,2.1,0,2006-03-07
E0367,James,Brown,Legal,Senior,90337,18,New York,Master,42,Female,2.5,0,2005-07-24
E0368,David,Taylor,IT,Manager,120834,20,Chicago,Master,48,Male,3.6,0,2003-02-10
E0369,John,Williams,Engineering,Manager,121830,23,Chicago,Bachelor,47,Male,3.1,0,2000-04-27
E0370,John,Thomas,HR,Junior,64728,11,Boston,High School,38,Female,2.6,1,2012-07-14
E0371,John,Miller,IT,Director,175877,12,Miami,Bachelor,36,Male,4.1,0,2011-03-30
E0372,James,Johnson,HR,Mid,61851,20,Austin,PhD,52,Male,1.2,0,2003-03-27
E0373,Joseph,Smith,Marketing,Mid,76403,10,Seattle,PhD,37,Male,3.7,0,2013-06-19
E0374,Linda,Thompson,Sales,Junior,46557,18,Miami,High School,40,Female,3.8,0,2005-09-21
E0375,Robert,Lee,Operations,Manager,149444,5,New York,Master,33,Female,3.2,0,2018-09-16
E0376,Michael,Wilson,Marketing,Mid,84712,19,Seattle,PhD,45,Male,3.6,0,2004-07-18
E0377,Michael,Garcia,Legal,Manager,141345,21,San Francisco,High School,51,Female,4.2,0,2002-06-13
E0378,Michael,Thompson,HR,Mid,84895,18,Seattle,Master,44,Female,1.2,0,2005-01-17
E0379,Michael,Garcia,Finance,Mid,76747,0,Boston,Bachelor,26,Female,4.8,0,2023-12-26
E0380,Sarah,Lee,Operations,Lead,117804,19,Seattle,Bachelor,43,Male,3.5,0,2004-04-29
E0381,Elizabeth,Moore,Engineering,Manager,121639,0,Denver,Bachelor,26,Male,1.2,1,2024-01-01
E0382,Jessica,Smith,HR,Lead,129308,11,Seattle,High School,34,Male,2.2,1,2012-08-13
E0383,Sarah,Garcia,HR,Junior,60863,23,New York,High School,55,Male,3.9,0,2000-12-22
E0384,John,Jones,Finance,Senior,85739,22,Austin,High School,53,Female,3.7,1,2001-05-06
E0385,James,Thompson,Legal,Lead,132212,14,New York,High School,42,Female,3.8,0,2009-10-07
E0386,Linda,Moore,HR,Senior,85799,21,New York,High School,47,Female,3.2,0,2002-10-02
E0387,Susan,Williams,HR,Director,177802,23,Boston,PhD,45,Female,3.2,0,2000-08-13
E0388,Susan,Thomas,Operations,Director,168055,17,Chicago,PhD,41,Female,2.9,0,2006-07-25
E0389,Karen,Thomas,Finance,Mid,86680,21,Boston,PhD,50,Male,3.4,0,2002-01-26
E0390,Jennifer,Johnson,Operations,Senior,106150,14,Boston,Bachelor,43,Female,3.2,0,2009-04-03
E0391,Joseph,Williams,Marketing,Manager,124571,25,Denver,High School,50,Male,3.1,0,1998-01-18
E0392,David,Jackson,Finance,Manager,141778,5,San Francisco,Master,30,Female,3.2,0,2018-01-17
E0393,Patricia,Davis,IT,Mid,78907,11,Miami,Bachelor,39,Male,3.9,0,2012-01-17
E0394,Joseph,Martinez,Sales,Lead,109730,2,Austin,High School,28,Male,1.1,1,2021-08-31
E0395,John,Rodriguez,Sales,Mid,66085,24,Miami,High School,56,Female,4.8,0,1999-12-02
E0396,Susan,Miller,Engineering,Director,169580,9,Seattle,PhD,36,Female,3.5,0,2014-06-19
E0397,William,Jackson,Legal,Junior,56383,10,Denver,High School,37,Female,3.8,0,2013-12-19
E0398,Sarah,Williams,Operations,Director,166066,0,Miami,Master,28,Male,1.3,0,2023-12-13
E0399,Nancy,Jackson,Sales,Lead,117446,23,New York,Master,50,Female,3.2,0,2000-09-05
E0400,Robert,Thompson,Legal,Mid,80110,13,New York,PhD,36,Male,3.0,0,2010-12-30
E0401,Matthew,Brown,IT,Manager,141420,23,Miami,Bachelor,45,Female,2.2,1,2000-08-30
E0402,Robert,Williams,Finance,Manager,130859,13,Austin,PhD,36,Female,2.0,0,2010-01-18
E0403,David,Thompson,Marketing,Lead,106437,9,Miami,Bachelor,33,Female,4.2,0,2014-09-11
E0404,Matthew,Smith,Sales,Junior,45388,4,Miami,PhD,28,Female,4.2,0,2019-02-27
E0405,Mary,Rodriguez,Operations,Director,167808,3,Denver,PhD,31,Male,1.3,1,2020-05-04
E0406,Patricia,Smith,Operations,Lead,118150,16,Chicago,High School,41,Male,3.7,0,2007-10-27
E0407,Jennifer,Thompson,Operations,Manager,128618,15,Denver,High School,38,Male,1.9,1,2008-02-03
E0408,Mary,Martin,Marketing,Director,172985,12,New York,High School,34,Female,3.3,1,2011-06-28
E0409,Sarah,Jackson,Marketing,Senior,92984,15,Miami,Bachelor,40,Male,1.7,0,2008-09-30
E0410,John,Jackson,Sales,Mid,81858,4,San Francisco,Bachelor,34,Male,3.5,0,2019-10-20
E0411,Jessica,Johnson,Operations,Mid,87131,8,Boston,PhD,36,Male,1.8,0,2015-12-04
E0412,Sarah,White,Operations,Lead,119739,19,Denver,Bachelor,44,Male,3.4,1,2004-11-01
E0413,Karen,Williams,Sales,Lead,124654,0,Chicago,High School,28,Female,2.1,1,2023-11-29
E0414,Elizabeth,Jackson,Operations,Senior,112404,17,Miami,PhD,48,Male,2.9,1,2006-07-22
E0415,John,Rodriguez,Legal,Senior,102456,16,Seattle,Master,47,Female,3.4,1,2007-02-16
E0416,Michael,Wilson,Operations,Mid,78547,6,Denver,Master,33,Female,3.4,0,2017-07-30
E0417,Elizabeth,Miller,HR,Manager,149181,25,Boston,Master,49,Male,4.2,0,1998-01-20
E0418,Linda,Miller,Marketing,Junior,63743,23,Boston,Bachelor,49,Female,2.5,0,2000-02-15
E0419,William,White,Finance,Manager,135043,17,San Francisco,Master,44,Male,4.9,0,2006-10-23
E0420,Thomas,Lee,IT,Junior,42180,6,Seattle,PhD,32,Male,2.1,0,2017-04-24
E0421,David,Brown,Legal,Manager,123541,15,Chicago,Bachelor,43,Male,2.4,0,2008-06-20
E0422,Karen,Lee,Engineering,Junior,67760,2,Seattle,Bachelor,28,Male,4.7,0,2021-11-07
E0423,James,Brown,HR,Junior,69206,21,Boston,Master,52,Female,2.7,1,2002-12-07
E0424,Karen,Thompson,Finance,Manager,131585,7,Boston,Bachelor,31,Male,4.2,0,2016-12-22
E0425,Matthew,White,HR,Manager,140194,0,Seattle,PhD,24,Male,1.4,0,2023-11-16
E0426,Linda,Rodriguez,HR,Mid,75057,19,San Francisco,High School,43,Male,3.7,0,2004-10-09
E0427,Jessica,Moore,IT,Lead,111992,7,Miami,Bachelor,30,Female,4.4,0,2016-11-22
E0428,Sarah,Thomas,Engineering,Manager,145069,8,Boston,Master,33,Male,3.0,0,2015-01-24
E0429,John,White,Legal,Manager,126732,11,Denver,Bachelor,35,Female,1.8,0,2012-01-09
E0430,Joseph,White,IT,Senior,93151,22,Miami,High School,48,Male,3.6,1,2001-09-10
E0431,James,Jackson,Engineering,Lead,123732,11,Denver,PhD,38,Female,1.4,1,2012-06-22
E0432,Jennifer,Davis,HR,Senior,97012,8,Austin,High School,37,Female,2.5,0,2015-10-15
E0433,Karen,Johnson,Sales,Director,155202,2,Seattle,High School,33,Female,2.8,1,2021-01-10
E0434,Elizabeth,Garcia,IT,Senior,113541,5,San Francisco,Bachelor,30,Male,3.5,0,2018-06-07
E0435,Linda,Smith,Marketing,Senior,102954,15,Austin,High School,43,Male,4.1,1,2008-10-11
E0436,Susan,Garcia,Marketing,Manager,124067,24,Chicago,Bachelor,53,Male,4.1,0,1999-03-30
E0437,Mary,Taylor,Marketing,Senior,101818,0,Chicago,Bachelor,30,Male,2.9,0,2023-04-18
E0438,Thomas,Davis,HR,Manager,147337,11,Miami,Bachelor,42,Male,3.9,1,2012-08-14
E0439,Thomas,Martin,Engineering,Junior,52367,4,Miami,PhD,26,Female,4.6,0,2019-08-08
E0440,Daniel,Thomas,Operations,Manager,138922,22,Chicago,PhD,50,Male,4.2,1,2001-08-31
E0441,Joseph,Martinez,Operations,Senior,88785,19,Boston,High School,47,Female,2.9,0,2004-06-24
E0442,Matthew,Jones,HR,Lead,130397,20,Seattle,PhD,44,Male,1.6,0,2003-05-21
E0443,Thomas,Anderson,Legal,Senior,100950,12,Austin,PhD,41,Male,2.7,1,2011-01-05
E0444,Susan,Moore,Marketing,Director,153318,9,Denver,PhD,36,Male,3.4,0,2014-12-07
E0445,David,Miller,Legal,Junior,68463,15,Seattle,Bachelor,38,Male,5.0,1,2008-07-08
E0446,Daniel,Anderson,Finance,Junior,40808,16,New York,PhD,41,Female,2.3,0,2007-02-17
E0447,Daniel,Thompson,Operations,Manager,130700,9,San Francisco,PhD,36,Female,2.7,0,2014-12-08
E0448,Thomas,Rodriguez,Sales,Mid,87024,12,Chicago,Bachelor,39,Male,1.4,0,2011-01-31
E0449,Robert,Miller,IT,Mid,61372,1,Denver,Bachelor,27,Female,4.2,0,2022-12-26
E0450,John,Garcia,IT,Manager,138618,8,New York,Master,33,Female,4.1,1,2016-01-03
E0451,Thomas,Wilson,Marketing,Director,166170,3,Boston,PhD,26,Female,3.3,0,2020-01-25
E0452,Matthew,Martin,Operations,Director,171788,10,Seattle,Bachelor,40,Male,4.3,0,2013-10-16
E0453,Mary,Thompson,Finance,Senior,101673,9,Seattle,Master,38,Male,4.3,0,2014-06-10
E0454,Karen,Martin,HR,Mid,75215,4,Boston,PhD,27,Female,2.7,0,2019-01-10
E0455,John,Wilson,Sales,Mid,65323,19,New York,PhD,48,Female,4.3,1,2004-02-01
E0456,Linda,Jackson,Legal,Junior,50937,11,Miami,PhD,34,Male,2.6,0,2012-07-30
E0457,Jennifer,White,Finance,Mid,80007,25,Boston,PhD,49,Male,1.4,1,1998-07-19
E0458,Robert,Johnson,Engineering,Mid,77706,13,New York,PhD,42,Male,1.1,1,2010-11-18
E0459,Matthew,Williams,Operations,Director,172467,22,New York,Bachelor,49,Female,2.3,1,2001-01-30
E0460,Joseph,Jackson,Sales,Junior,60131,0,San Francisco,Master,25,Female,3.5,0,2023-10-06
E0461,Jennifer,Martin,Finance,Mid,62128,14,San Francisco,PhD,45,Male,3.8,1,2009-08-24
E0462,Susan,Martin,Operations,Director,155334,22,Seattle,Master,51,Female,2.7,0,2001-05-20
E0463,Robert,Jones,Finance,Director,160702,6,New York,High School,31,Male,3.4,1,2017-05-11
E0464,David,Wilson,Sales,Lead,109132,4,Austin,PhD,27,Female,2.6,0,2019-08-11
E0465,Susan,Garcia,Finance,Director,156873,15,Denver,Bachelor,47,Female,1.3,1,2008-12-18
E0466,Joseph,Wilson,Finance,Lead,111113,15,Miami,Bachelor,44,Female,4.0,0,2008-02-02
E0467,Jennifer,Rodriguez,Operations,Manager,148447,22,Denver,High School,46,Female,4.5,0,2002-01-03
E0468,William,Miller,Engineering,Mid,67865,16,Chicago,PhD,47,Male,4.1,0,2007-04-27
E0469,Sarah,Martin,Operations,Manager,132223,10,Austin,Bachelor,32,Male,2.3,0,2013-11-11
E0470,Nancy,Miller,Finance,Manager,132802,16,Denver,High School,47,Female,4.9,0,2007-02-26
E0471,David,Smith,Finance,Manager,144765,14,Denver,High School,36,Female,4.3,0,2009-08-12
E0472,Linda,Moore,Legal,Manager,138739,7,Seattle,Master,34,Male,4.3,0,2016-03-06
E0473,Mary,Davis,Finance,Lead,113695,0,Miami,Bachelor,30,Female,1.0,1,2023-09-06
E0474,Daniel,Martinez,Sales,Senior,102539,17,New York,PhD,45,Male,3.1,0,2006-12-28
E0475,Karen,Miller,Sales,Mid,72747,17,New York,PhD,44,Male,2.3,1,2006-10-07
E0476,Elizabeth,Rodriguez,Legal,Junior,43259,4,Denver,Bachelor,30,Female,1.8,1,2019-10-08
E0477,John,Williams,Sales,Senior,95141,17,Chicago,High School,47,Male,4.8,1,2006-02-12
E0478,Patricia,Martin,Finance,Mid,63714,24,Miami,High School,53,Female,3.7,1,1999-07-19
E0479,Joseph,Miller,Sales,Senior,110853,2,Seattle,High School,29,Male,5.0,1,2021-10-03
E0480,Sarah,Anderson,Operations,Mid,77107,22,New York,Master,52,Female,4.2,0,2001-09-29
E0481,Sarah,Thompson,IT,Mid,65489,6,San Francisco,Bachelor,37,Female,3.2,0,2017-02-10
E0482,Thomas,Miller,Operations,Director,162087,6,New York,Master,28,Male,5.0,0,2017-12-15
E0483,John,Jones,Operations,Lead,129567,0,San Francisco,High School,27,Male,2.9,0,2023-05-09
E0484,David,Davis,Operations,Junior,60478,25,Seattle,PhD,47,Female,1.2,1,1998-02-15
E0485,Robert,Rodriguez,Finance,Director,154486,22,Boston,PhD,48,Male,4.9,0,2001-06-26
E0486,James,Martinez,Legal,Senior,109203,9,Boston,Bachelor,37,Male,4.5,0,2014-12-23
E0487,David,Brown,Sales,Senior,88715,3,Chicago,Bachelor,29,Male,1.9,1,2020-07-15
E0488,Karen,Martinez,Sales,Director,167987,18,San Francisco,PhD,48,Male,2.2,0,2005-08-06
E0489,John,Brown,Sales,Director,160920,8,New York,High School,30,Female,1.2,0,2015-10-25
E0490,Karen,Davis,IT,Manager,123502,8,San Francisco,Master,32,Male,1.7,0,2015-03-07
E0491,Robert,Garcia,Sales,Director,176615,0,Austin,PhD,29,Male,3.7,0,2023-09-12
E0492,Michael,White,HR,Lead,122942,7,Denver,Bachelor,29,Female,2.4,0,2016-05-27
E0493,Patricia,Thomas,IT,Manager,129426,8,Seattle,PhD,33,Male,4.9,0,2015-02-22
E0494,Jennifer,Thompson,HR,Director,158288,22,San Francisco,Bachelor,46,Male,3.8,1,2001-03-17
E0495,Joseph,Jones,HR,Director,151525,23,Austin,Master,46,Male,3.3,0,2000-01-22
E0496,Michael,Moore,Sales,Director,150450,13,Chicago,Bachelor,36,Male,4.5,0,2010-07-14
E0497,Thomas,Miller,IT,Lead,126611,16,Chicago,Bachelor,48,Female,2.4,0,2007-08-18
E0498,William,Smith,HR,Lead,121020,8,Denver,PhD,36,Male,1.2,0,2015-12-09
E0499,Jessica,Brown,Engineering,Director,165032,16,Seattle,Bachelor,42,Female,2.1,0,2007-09-23
E0500,Matthew,Moore,Engineering,Lead,130745,24,Boston,Master,54,Male,2.8,0,1999-12-05
E0501,Linda,Moore,Finance,Lead,117799,8,Chicago,High School,32,Male,3.6,0,2015-05-03
E0502,William,Brown,Marketing,Junior,48771,23,Seattle,Master,50,Female,1.1,0,2000-04-14
E0503,Karen,White,Sales,Mid,89451,9,Chicago,PhD,35,Male,1.6,1,2014-08-31
E0504,Jennifer,Brown,IT,Manager,131183,0,Seattle,PhD,29,Female,3.8,1,2023-09-24
E0505,Matthew,Anderson,HR,Director,163171,21,San Francisco,PhD,52,Female,3.5,0,2002-03-23
E0506,Linda,Lee,Operations,Junior,68108,10,Boston,PhD,37,Male,2.7,0,2013-05-07
E0507,Mary,Miller,Sales,Junior,58519,4,Miami,PhD,29,Male,1.4,0,2019-06-06
E0508,Susan,Brown,Legal,Director,154447,7,New York,Master,32,Male,4.7,0,2016-09-13
E0509,David,Davis,Finance,Director,169288,14,San Francisco,High School,39,Female,4.2,0,2009-11-18
E0510,Jennifer,Smith,HR,Junior,55597,22,Miami,Bachelor,48,Female,4.5,1,2001-04-04
E0511,Susan,Anderson,HR,Manager,129098,0,Miami,Bachelor,28,Male,4.0,0,2023-01-10
E0512,Linda,Johnson,Engineering,Director,159019,6,Chicago,Bachelor,30,Male,1.8,1,2017-10-14
E0513,Mary,Brown,Engineering,Director,164728,7,Austin,Master,38,Female,4.3,0,2016-10-26
E0514,Susan,Johnson,Sales,Mid,75523,12,Chicago,PhD,34,Male,1.3,1,2011-10-09
E0515,Jennifer,Rodriguez,Sales,Mid,73600,3,Boston,PhD,31,Male,4.3,0,2020-09-06
E0516,William,Wilson,HR,Lead,118922,5,Seattle,Bachelor,36,Male,1.8,1,2018-05-20
E0517,Robert,Johnson,Legal,Junior,68662,18,Austin,High School,41,Female,2.6,0,2005-01-15
E0518,Robert,Davis,Marketing,Junior,56972,5,New York,High School,35,Male,3.2,1,2018-09-06
E0519,Jennifer,Johnson,Sales,Senior,93557,10,Denver,PhD,40,Male,1.6,0,2013-10-26
E0520,Jessica,Lee,Sales,Manager,124843,19,San Francisco,Master,48,Female,1.7,1,2004-11-30
E0521,James,Smith,Operations,Junior,41084,24,San Francisco,Master,46,Male,4.0,0,1999-12-25
E0522,Thomas,Lee,Sales,Junior,62542,6,Boston,High School,35,Male,3.9,0,2017-11-13
E0523,Elizabeth,Martinez,Operations,Lead,127025,3,Seattle,Bachelor,33,Male,3.2,1,2020-02-06
E0524,Jennifer,Martinez,Legal,Senior,101093,16,New York,Master,39,Female,2.9,0,2007-10-20
E0525,William,Davis,Legal,Junior,41446,19,Denver,Master,41,Female,1.4,0,2005-01-04
E0526,Patricia,Davis,Finance,Manager,124913,12,Denver,Bachelor,40,Female,3.0,0,2011-03-22
E0527,Matthew,Taylor,Operations,Director,151605,11,New York,High School,37,Female,1.2,1,2012-10-08
E0528,Nancy,Anderson,IT,Manager,148050,19,New York,Bachelor,49,Male,1.3,1,2004-05-15
E0529,Patricia,Lee,Engineering,Junior,68352,12,New York,Master,38,Female,4.8,0,2011-04-09
E0530,Joseph,Miller,Legal,Lead,133850,7,San Francisco,PhD,37,Female,2.0,0,2016-09-25
E0531,Jennifer,Martin,Marketing,Director,163109,19,Seattle,PhD,51,Female,1.6,1,2004-08-07
E0532,Michael,Brown,IT,Director,154276,11,Seattle,Master,41,Male,2.8,1,2012-05-28
E0533,Susan,Martinez,IT,Senior,105697,12,New York,Bachelor,36,Female,4.2,0,2011-07-07
E0534,Michael,Smith,Operations,Senior,102808,21,San Francisco,PhD,45,Female,2.2,0,2002-08-09
E0535,Linda,Brown,Finance,Manager,138864,16,Boston,Bachelor,46,Male,4.3,1,2007-12-25
E0536,David,Johnson,Marketing,Lead,124991,22,Seattle,High School,44,Female,2.0,0,2001-01-27
E0537,David,Brown,HR,Senior,91367,16,Denver,Bachelor,42,Male,4.2,1,2007-03-11
E0538,Mary,White,Legal,Manager,135284,23,Austin,Bachelor,46,Male,3.5,1,2000-04-03
E0539,Mary,Thomas,HR,Mid,73270,20,New York,High School,47,Male,4.7,0,2003-09-13
E0540,Jessica,Lee,Legal,Senior,97757,3,New York,High School,32,Male,1.8,1,2020-04-20
E0541,Karen,Jones,Engineering,Manager,123497,10,New York,Bachelor,38,Female,2.3,0,2013-11-07
E0542,Jessica,Smith,Legal,Senior,108896,9,Austin,PhD,40,Female,3.4,0,2014-11-03
E0543,Daniel,Thompson,Engineering,Junior,50198,19,Seattle,High School,42,Female,1.9,0,2004-11-03
E0544,Jessica,Miller,Legal,Senior,112461,0,Chicago,Bachelor,31,Male,3.4,0,2023-10-22
E0545,Jessica,Williams,Sales,Mid,74787,8,San Francisco,Master,35,Male,3.8,0,2015-07-15
E0546,Susan,Smith,Finance,Mid,77028,17,Boston,Bachelor,45,Female,4.7,0,2006-12-15
E0547,Jessica,Smith,Engineering,Manager,142730,3,New York,Bachelor,26,Male,3.1,1,2020-10-28
E0548,Joseph,Jones,IT,Lead,133984,19,Miami,High School,42,Female,4.8,1,2004-12-23
E0549,Jessica,Martin,Marketing,Mid,68323,10,Chicago,PhD,37,Male,2.9,0,2013-12-08
E0550,Daniel,Rodriguez,IT,Manager,141107,4,Seattle,High School,35,Male,2.0,0,2019-09-17
E0551,Elizabeth,Davis,Engineering,Manager,134661,24,Miami,Bachelor,49,Female,1.2,1,1999-07-16
E0552,Susan,Moore,Operations,Manager,143719,3,New York,High School,25,Female,5.0,0,2020-11-10
E0553,Thomas,Rodriguez,Sales,Senior,94363,18,Chicago,PhD,42,Female,4.1,0,2005-12-28
E0554,Nancy,Moore,IT,Director,159712,17,San Francisco,Master,49,Male,3.1,0,2006-03-02
E0555,Matthew,Brown,IT,Director,168637,7,Seattle,High School,31,Female,3.3,0,2016-07-17
E0556,Linda,Martinez,HR,Mid,89181,6,Chicago,PhD,29,Female,3.3,0,2017-09-30
E0557,Sarah,Jones,Engineering,Lead,125388,22,Denver,High School,44,Female,4.1,0,2001-03-27
E0558,Karen,Davis,Engineering,Director,164483,5,Austin,Master,30,Female,3.6,0,2018-07-28
E0559,James,Anderson,Marketing,Director,179395,17,Denver,High School,39,Male,4.6,0,2006-08-13
E0560,Matthew,Anderson,IT,Senior,85981,17,Chicago,PhD,41,Female,1.4,0,2006-06-12
E0561,James,Lee,IT,Senior,98334,20,Miami,PhD,43,Male,3.7,0,2003-09-18
E0562,David,Brown,Marketing,Mid,86451,16,Seattle,Bachelor,43,Female,2.6,1,2007-03-19
E0563,Jennifer,Jackson,Finance,Manager,128909,20,Austin,High School,42,Male,3.7,0,2003-12-22
E0564,Daniel,Miller,IT,Lead,107051,1,San Francisco,High School,24,Male,4.3,0,2022-06-17
E0565,Nancy,Rodriguez,Engineering,Junior,42169,12,San Francisco,Master,42,Male,4.4,0,2011-12-07
E0566,Michael,Thompson,Legal,Lead,130351,5,Miami,PhD,37,Male,1.2,0,2018-04-10
E0567,Nancy,Martinez,Finance,Senior,85551,15,Denver,Bachelor,44,Male,3.9,0,2008-05-23
E0568,Robert,White,Marketing,Director,163212,24,Chicago,Master,52,Male,3.2,1,1999-01-29
E0569,Jennifer,Thompson,Legal,Director,170492,15,San Francisco,Master,43,Male,2.6,0,2008-12-11
E0570,Linda,Williams,Finance,Junior,46398,6,Chicago,Master,31,Female,3.9,1,2017-05-15
E0571,Thomas,Smith,Operations,Lead,108562,14,Austin,Bachelor,44,Male,1.3,1,2009-11-25
E0572,Daniel,Wilson,IT,Junior,47171,24,Chicago,PhD,52,Female,3.2,0,1999-09-08
E0573,Karen,Martinez,IT,Junior,46238,6,Seattle,Master,35,Male,3.9,1,2017-11-25
E0574,Mary,Brown,Operations,Junior,44615,12,Denver,Master,38,Female,5.0,1,2011-04-18
E0575,Karen,Brown,HR,Director,158196,3,Chicago,PhD,31,Female,3.7,1,2020-05-06
E0576,Sarah,Thompson,Marketing,Junior,40459,5,Chicago,High School,37,Male,2.0,0,2018-11-16
E0577,Nancy,Moore,IT,Mid,78760,17,Austin,PhD,44,Male,4.5,0,2006-04-29
E0578,Jessica,Smith,Sales,Manager,125807,17,Boston,Bachelor,49,Female,4.8,1,2006-07-26
E0579,Mary,Taylor,IT,Lead,127306,3,Miami,Bachelor,32,Female,3.1,0,2020-05-02
E0580,Robert,Williams,Engineering,Senior,110052,0,Chicago,Bachelor,28,Male,3.5,0,2023-03-31
E0581,James,Wilson,Marketing,Junior,52889,21,Miami,High School,53,Female,2.6,1,2002-07-03
E0582,Matthew,Jones,Sales,Manager,141341,24,Boston,PhD,48,Female,4.0,0,1999-12-01
E0583,Elizabeth,Lee,Finance,Mid,74088,19,New York,Bachelor,50,Male,4.6,1,2004-04-03
E0584,Karen,Thomas,Operations,Junior,59830,22,Seattle,Master,47,Male,2.2,0,2001-02-01
E0585,Karen,Martin,Sales,Director,152752,9,Miami,High School,36,Female,1.4,0,2014-05-17
E0586,Michael,Lee,HR,Manager,133161,14,Chicago,High School,42,Female,2.1,0,2009-05-05
E0587,Nancy,Lee,Sales,Director,170572,21,Miami,PhD,50,Male,4.4,0,2002-04-28
E0588,David,Martin,IT,Manager,136293,22,Austin,PhD,46,Male,4.2,0,2001-11-01
E0589,Linda,Anderson,Engineering,Lead,126087,5,New York,Master,37,Male,3.7,0,2018-02-16
E0590,Thomas,Thompson,IT,Lead,128844,19,New York,High School,46,Male,1.7,0,2004-01-20
E0591,Jennifer,Martin,Marketing,Director,161227,11,Denver,PhD,37,Female,1.8,0,2012-08-28
E0592,Karen,Thompson,Finance,Mid,80915,7,Seattle,PhD,39,Male,4.5,1,2016-10-26
E0593,David,Garcia,Sales,Senior,98267,5,Boston,PhD,31,Male,4.7,0,2018-11-23
E0594,Linda,Wilson,Marketing,Manager,125631,12,Boston,High School,43,Male,4.4,0,2011-09-13
E0595,James,Jackson,Sales,Manager,143285,12,Seattle,PhD,39,Female,1.1,0,2011-07-01
E0596,Michael,Martinez,Legal,Director,159414,8,San Francisco,High School,33,Male,4.7,0,2015-12-31
E0597,Linda,Rodriguez,Marketing,Junior,46525,16,New York,High School,43,Female,1.8,0,2007-03-14
E0598,Michael,Brown,Operations,Senior,99866,3,Austin,Bachelor,30,Female,3.5,1,2020-07-18
E0599,Jessica,Moore,IT,Lead,128849,16,Boston,High School,39,Male,4.8,1,2007-09-06
E0600,John,Johnson,Marketing,Director,178320,20,Boston,Bachelor,43,Female,2.5,0,2003-08-14
E0601,Mary,White,Sales,Director,169389,16,Chicago,PhD,45,Male,2.1,1,2007-03-24
E0602,Jessica,Thomas,Operations,Lead,110334,4,New York,Master,31,Female,4.2,0,2019-03-23
E0603,David,Martin,Legal,Senior,94786,5,Boston,Master,29,Female,3.9,0,2018-04-25
E0604,Jennifer,Martin,Operations,Senior,110808,22,Chicago,Master,53,Male,4.9,0,2001-08-12
E0605,Mary,Jones,IT,Senior,85832,4,Seattle,Master,26,Male,3.3,0,2019-12-13
E0606,David,Williams,Sales,Mid,64296,20,Austin,High School,43,Female,2.4,1,2003-07-24
E0607,Patricia,Martinez,HR,Director,170742,13,Seattle,Master,43,Female,2.5,0,2010-10-03
E0608,Thomas,Moore,Legal,Mid,76370,22,Seattle,PhD,47,Male,4.0,1,2001-06-04
E0609,Michael,Garcia,Marketing,Senior,94434,6,San Francisco,Bachelor,29,Male,4.3,1,2017-04-08
E0610,John,Johnson,Marketing,Director,150232,20,Denver,High School,46,Male,3.1,0,2003-02-21
E0611,Susan,Smith,Legal,Mid,66683,22,Chicago,PhD,52,Female,3.1,1,2001-05-14
E0612,Thomas,Wilson,Legal,Mid,85785,5,Seattle,Master,32,Female,2.9,0,2018-05-02
E0613,Thomas,Taylor,Engineering,Senior,89667,19,Austin,High School,42,Female,1.2,0,2004-04-19
E0614,Thomas,Miller,Legal,Junior,61149,15,Austin,PhD,39,Male,4.7,0,2008-12-03
E0615,Matthew,Thompson,Marketing,Junior,50676,5,Austin,PhD,29,Male,4.8,0,2018-10-15
E0616,Elizabeth,Davis,Operations,Director,177979,18,Chicago,Bachelor,41,Male,2.3,0,2005-02-12
E0617,Karen,Martinez,HR,Manager,148039,17,Seattle,PhD,42,Male,3.0,0,2006-07-26
E0618,Linda,Smith,Legal,Mid,65294,25,Boston,Master,53,Female,3.3,0,1998-08-12
E0619,Thomas,White,Legal,Manager,143445,23,Miami,High School,46,Male,3.3,0,2000-10-06
E0620,Thomas,Martin,Marketing,Junior,50849,7,Miami,High School,39,Male,3.0,0,2016-03-03
E0621,Robert,Jones,Operations,Mid,78991,17,New York,High School,47,Male,4.2,0,2006-09-03
E0622,William,Lee,Engineering,Manager,126174,5,Miami,PhD,27,Female,2.4,1,2018-12-11
E0623,Karen,Taylor,Operations,Director,166853,11,New York,High School,35,Male,1.1,0,2012-09-04
E0624,David,Brown,HR,Lead,126148,2,Miami,High School,33,Female,4.3,1,2021-03-14
E0625,Matthew,Garcia,HR,Director,168694,2,Boston,High School,24,Male,2.2,0,2021-10-17
E0626,Jessica,Jackson,HR,Junior,60056,6,San Francisco,Bachelor,28,Female,1.4,0,2017-03-13
E0627,Patricia,Miller,Marketing,Lead,106586,20,Chicago,High School,44,Female,2.6,0,2003-10-21
E0628,Patricia,Brown,Marketing,Junior,43773,19,Denver,PhD,51,Male,1.5,1,2004-11-21
E0629,David,Martin,Sales,Manager,143647,1,Miami,Bachelor,30,Male,4.7,0,2022-10-24
E0630,Joseph,Wilson,HR,Junior,49621,18,Austin,High School,43,Male,2.8,0,2005-05-30
E0631,Patricia,Williams,Finance,Manager,123395,4,Seattle,High School,30,Female,3.5,1,2019-10-04
E0632,Robert,White,Operations,Junior,58888,21,Seattle,PhD,48,Male,1.1,0,2002-10-30
E0633,John,Smith,HR,Director,177750,11,Austin,Master,38,Male,4.1,0,2012-06-23
E0634,William,Miller,Engineering,Junior,47499,14,Denver,Master,37,Female,3.2,0,2009-10-24
E0635,Robert,Smith,Marketing,Mid,87732,0,Chicago,PhD,26,Male,2.7,0,2023-11-24
E0636,Mary,Garcia,Marketing,Lead,112563,17,New York,PhD,46,Male,2.7,0,2006-08-16
E0637,Daniel,Brown,Engineering,Lead,112477,4,Boston,Master,28,Female,4.8,1,2019-08-11
E0638,Linda,Johnson,Engineering,Mid,82976,22,San Francisco,High School,48,Female,4.6,0,2001-12-21
E0639,Susan,Thomas,Legal,Manager,149956,24,Seattle,High School,56,Female,2.8,0,1999-05-21
E0640,William,Jackson,Operations,Senior,94340,13,San Francisco,Bachelor,37,Female,2.8,1,2010-08-31
E0641,Patricia,Johnson,Engineering,Manager,121946,24,Austin,High School,47,Female,3.2,1,1999-04-19
E0642,Jessica,Martin,IT,Senior,110016,2,New York,High School,31,Male,4.2,0,2021-10-11
E0643,David,Johnson,Legal,Junior,44853,18,Miami,High School,40,Male,3.0,0,2005-11-11
E0644,John,Johnson,Sales,Mid,61765,14,Seattle,Master,39,Female,3.0,1,2009-07-18
E0645,James,Thompson,IT,Mid,63742,22,Denver,Bachelor,47,Female,3.1,0,2001-12-25
E0646,William,Jackson,Operations,Lead,118956,22,New York,Bachelor,50,Male,3.2,0,2001-03-07
E0647,Jessica,Taylor,HR,Manager,133191,5,Denver,Bachelor,34,Male,2.4,1,2018-08-25
E0648,Mary,Rodriguez,HR,Mid,82920,15,Denver,PhD,37,Female,1.4,0,2008-12-19
E0649,Matthew,Jackson,Engineering,Junior,66053,3,Miami,High School,25,Female,1.1,0,2020-05-18
E0650,Matthew,Rodriguez,Finance,Manager,127731,17,New York,Master,47,Male,3.7,0,2006-12-02
E0651,Daniel,Johnson,Operations,Mid,61385,8,Seattle,PhD,39,Female,4.1,0,2015-02-26
E0652,Thomas,Thompson,Legal,Director,157329,20,Miami,High School,43,Female,2.5,0,2003-09-27
E0653,Michael,Jackson,Finance,Junior,53463,12,Seattle,High School,35,Female,2.9,1,2011-10-20
E0654,Michael,Martin,HR,Mid,84975,10,Seattle,High School,38,Female,4.2,1,2013-10-02
E0655,James,Miller,Finance,Mid,88948,13,Miami,High School,45,Female,4.3,0,2010-10-25
E0656,James,Rodriguez,Marketing,Junior,42917,13,San Francisco,High School,35,Male,2.5,0,2010-10-15
E0657,James,Lee,Legal,Mid,89407,3,Seattle,High School,26,Male,4.9,0,2020-05-19
E0658,Thomas,Anderson,Finance,Senior,102534,4,Austin,PhD,28,Female,2.8,1,2019-11-02
E0659,Mary,Thomas,Marketing,Junior,66603,0,Miami,Master,26,Female,3.7,0,2023-03-31
E0660,Nancy,Taylor,Marketing,Mid,72460,18,San Francisco,High School,41,Male,3.0,0,2005-08-05
E0661,Daniel,Jones,Finance,Mid,79657,21,Miami,PhD,49,Female,3.7,1,2002-03-26
E0662,John,Thompson,Engineering,Manager,131620,7,Denver,High School,30,Female,2.7,0,2016-08-23
E0663,Karen,Lee,HR,Mid,75974,9,Austin,Master,41,Female,2.4,0,2014-01-15
E0664,Joseph,Garcia,Legal,Manager,146144,25,Seattle,High School,57,Female,3.8,1,1998-01-29
E0665,Jessica,Smith,IT,Lead,122917,7,Seattle,PhD,33,Female,1.6,0,2016-02-24
E0666,Jennifer,Anderson,Marketing,Manager,131076,3,Austin,PhD,31,Female,3.2,1,2020-10-21
E0667,Daniel,Davis,HR,Senior,102518,12,New York,PhD,42,Male,4.9,0,2011-01-13
E0668,Jessica,Smith,Marketing,Manager,134587,19,San Francisco,High School,50,Female,1.3,0,2004-12-02
E0669,Nancy,Garcia,Sales,Manager,149362,24,Austin,PhD,49,Male,1.9,0,1999-07-08
E0670,William,Wilson,IT,Junior,51197,5,San Francisco,PhD,30,Female,4.1,0,2018-12-11
E0671,Robert,Rodriguez,Marketing,Senior,114701,8,San Francisco,High School,34,Female,2.3,1,2015-04-25
E0672,Jessica,Taylor,HR,Director,159474,8,San Francisco,PhD,30,Female,4.6,0,2015-03-19
E0673,Karen,Thompson,Sales,Manager,124154,22,New York,High School,48,Female,2.8,0,2001-03-08
E0674,Daniel,Brown,Sales,Senior,87608,14,Austin,Master,40,Male,4.7,0,2009-06-07
E0675,Nancy,Davis,Finance,Manager,133834,19,Denver,PhD,51,Female,4.7,0,2004-04-05
E0676,Matthew,Rodriguez,Finance,Director,179246,2,Boston,High School,29,Male,1.5,1,2021-07-11
E0677,Linda,Taylor,Marketing,Junior,67683,21,New York,Master,50,Male,1.3,1,2002-07-06
E0678,Joseph,Miller,Engineering,Mid,87280,19,Denver,Master,49,Male,2.6,0,2004-03-27
E0679,Susan,White,Marketing,Junior,56864,18,New York,PhD,44,Female,1.0,1,2005-07-22
E0680,Jennifer,Johnson,Finance,Mid,69788,16,Seattle,PhD,47,Female,3.7,1,2007-08-30
E0681,Jessica,Rodriguez,IT,Lead,121302,13,Chicago,High School,35,Female,2.3,0,2010-07-21
E0682,Thomas,Martinez,Legal,Lead,116138,17,Boston,Bachelor,39,Male,4.1,0,2006-03-19
E0683,Joseph,Taylor,Engineering,Lead,109287,7,Chicago,Bachelor,34,Female,2.3,1,2016-08-23
E0684,Susan,Davis,Sales,Lead,125729,10,New York,High School,41,Female,1.6,1,2013-02-26
E0685,Sarah,Jackson,Marketing,Mid,69637,5,Seattle,PhD,34,Male,4.1,0,2018-05-28
E0686,Patricia,Williams,IT,Junior,43396,2,Boston,Master,26,Female,5.0,1,2021-08-11
E0687,Sarah,Jackson,Engineering,Junior,55551,18,Chicago,Bachelor,48,Male,1.7,0,2005-06-17
E0688,Robert,Thomas,Operations,Lead,130742,0,Seattle,Bachelor,26,Female,1.3,0,2023-05-18
E0689,Sarah,Wilson,Marketing,Junior,46681,16,Austin,PhD,42,Female,3.8,0,2007-09-10
E0690,Susan,Rodriguez,Engineering,Lead,123156,11,Chicago,Master,43,Male,1.5,0,2012-10-09
E0691,Mary,Johnson,HR,Manager,130626,8,Denver,Master,35,Female,3.6,1,2015-08-19
E0692,Patricia,Jones,Legal,Senior,109240,4,Austin,Bachelor,29,Female,2.1,0,2019-11-24
E0693,Thomas,Taylor,Legal,Director,170342,23,Austin,Bachelor,46,Female,3.6,0,2000-05-21
E0694,Karen,Taylor,Marketing,Lead,110561,0,Chicago,High School,25,Female,2.4,1,2023-03-23
E0695,Mary,Rodriguez,Engineering,Junior,59881,25,Boston,Bachelor,53,Male,2.5,0,1998-09-03
E0696,William,White,HR,Senior,108566,17,Austin,Master,47,Male,4.5,1,2006-10-23
E0697,Sarah,Martin,Sales,Manager,122265,22,Seattle,High School,50,Female,2.4,1,2001-05-26
E0698,Jessica,Johnson,Finance,Senior,106955,11,Austin,Master,37,Male,2.9,0,2012-08-22
E0699,David,Davis,Legal,Director,175699,17,San Francisco,Bachelor,40,Female,4.8,0,2006-12-29
E0700,Matthew,Thomas,Finance,Manager,144095,12,Chicago,High School,43,Female,5.0,0,2011-03-20
E0701,Robert,Rodriguez,Marketing,Lead,108429,8,Denver,Bachelor,37,Male,4.2,0,2015-01-20
E0702,Michael,Lee,IT,Director,158278,5,Austin,PhD,31,Male,3.1,1,2018-10-27
E0703,Sarah,Smith,Sales,Mid,63693,20,Denver,Bachelor,52,Male,4.9,0,2003-03-31
E0704,Robert,Brown,Engineering,Director,168942,17,New York,High School,42,Male,1.7,1,2006-10-12
E0705,Thomas,Thomas,Engineering,Junior,42065,22,Denver,High School,52,Male,4.6,0,2001-06-23
E0706,John,Martinez,Legal,Director,162656,3,Austin,Master,25,Female,4.2,1,2020-03-27
E0707,John,Thompson,HR,Manager,129481,10,New York,PhD,42,Female,2.7,0,2013-09-01
E0708,David,Brown,Marketing,Mid,70317,9,New York,High School,37,Male,3.9,0,2014-03-08
E0709,David,Thompson,Legal,Lead,110976,0,Denver,PhD,27,Male,2.3,0,2023-08-12
E0710,William,Williams,Engineering,Lead,119183,21,San Francisco,High School,49,Female,4.7,1,2002-06-04
E0711,James,Moore,Sales,Director,152958,22,Boston,High School,47,Female,3.5,0,2001-08-15
E0712,James,Anderson,Finance,Manager,135382,1,Austin,PhD,31,Female,3.2,1,2022-02-21
E0713,Nancy,Taylor,Marketing,Lead,122507,23,Chicago,PhD,54,Female,4.1,0,2000-03-23
E0714,Patricia,Jackson,IT,Manager,138200,16,Miami,High School,48,Female,1.1,0,2007-03-22
E0715,Thomas,Taylor,IT,Mid,71895,14,New York,Bachelor,37,Male,1.1,1,2009-03-19
E0716,Daniel,Thompson,IT,Director,175034,11,Chicago,PhD,40,Male,2.2,1,2012-02-15
E0717,Susan,Wilson,Engineering,Manager,132076,4,Boston,High School,27,Female,2.9,1,2019-05-11
E0718,Joseph,White,Sales,Director,174508,4,Chicago,High School,33,Male,3.2,0,2019-08-04
E0719,Robert,Thomas,Marketing,Senior,88011,19,Seattle,Bachelor,50,Male,1.6,0,2004-06-13
E0720,William,Anderson,Operations,Manager,139255,2,Seattle,Bachelor,31,Male,4.3,0,2021-12-05
E0721,Daniel,Jones,Finance,Senior,100928,1,New York,Bachelor,28,Male,4.4,0,2022-05-24
E0722,Joseph,Davis,Engineering,Director,168825,0,Boston,PhD,22,Female,4.8,0,2023-11-30
E0723,Jennifer,Lee,HR,Mid,69124,15,Boston,Master,39,Male,1.2,0,2008-04-22
E0724,John,Jones,Marketing,Mid,82572,8,Denver,High School,37,Female,4.8,0,2015-09-02
E0725,Karen,Johnson,Operations,Junior,55776,2,San Francisco,High School,24,Female,4.9,0,2021-07-06
E0726,Jennifer,Thomas,Legal,Junior,66747,21,San Francisco,High School,44,Female,1.9,0,2002-07-29
E0727,Mary,Johnson,Legal,Junior,66896,18,Miami,High School,42,Female,3.4,0,2005-09-25
E0728,Daniel,Thompson,Engineering,Lead,113402,22,Seattle,Master,54,Female,1.9,0,2001-11-23
E0729,Jessica,Anderson,Legal,Lead,124434,17,Chicago,Master,48,Female,4.8,0,2006-09-18
E0730,Sarah,Miller,IT,Director,152886,19,Seattle,High School,49,Male,4.6,0,2004-10-25
E0731,Susan,Lee,Sales,Junior,48448,10,Denver,Bachelor,32,Male,1.3,0,2013-10-17
E0732,Linda,Wilson,HR,Director,161794,14,Chicago,PhD,40,Male,2.6,1,2009-04-11
E0733,Matthew,Lee,IT,Junior,64423,13,Austin,Master,42,Female,4.7,0,2010-09-27
E0734,Elizabeth,Taylor,Finance,Mid,70417,25,Chicago,High School,50,Female,2.3,0,1998-06-26
E0735,Thomas,White,Legal,Senior,108091,1,Boston,Master,29,Male,2.5,0,2022-07-01
E0736,Mary,Lee,HR,Manager,125989,23,Boston,Master,45,Male,1.2,0,2000-03-08
E0737,Linda,Brown,Finance,Director,150902,21,San Francisco,High School,52,Female,4.1,0,2002-11-15
E0738,Elizabeth,Moore,Sales,Manager,142501,0,Denver,High School,24,Male,1.7,1,2023-07-17
E0739,Jennifer,Smith,Operations,Mid,70326,8,San Francisco,Bachelor,31,Male,2.8,0,2015-01-19
E0740,Mary,Williams,Operations,Junior,40346,5,Boston,High School,33,Female,1.9,0,2018-01-09
E0741,Matthew,Rodriguez,Marketing,Senior,111147,20,Miami,Master,52,Male,2.8,1,2003-01-20
E0742,Thomas,White,Legal,Junior,65067,14,New York,Master,39,Female,3.6,0,2009-10-30
E0743,Nancy,Miller,Sales,Junior,40318,12,Seattle,High School,38,Male,3.8,0,2011-01-23
E0744,Jessica,Johnson,Engineering,Senior,96410,4,Seattle,High School,26,Male,3.2,0,2019-09-15
E0745,Jennifer,Lee,Sales,Mid,81428,10,Boston,Master,41,Male,4.6,0,2013-02-22
E0746,Mary,Johnson,Operations,Mid,61497,11,Denver,PhD,39,Male,3.6,0,2012-11-28
E0747,Thomas,Jackson,IT,Manager,121926,2,Seattle,High School,32,Male,5.0,0,2021-06-17
E0748,Matthew,Martinez,Marketing,Director,179155,6,Seattle,Master,38,Male,1.1,0,2017-09-25
E0749,James,Miller,Legal,Lead,129863,5,Chicago,Master,32,Male,1.3,1,2018-07-19
E0750,Elizabeth,Brown,IT,Senior,93359,4,Miami,Master,32,Male,3.3,0,2019-09-30
E0751,Patricia,Williams,Marketing,Mid,85863,7,New York,High School,33,Male,3.6,0,2016-07-17
E0752,Karen,Thomas,Engineering,Senior,93004,0,Seattle,Bachelor,32,Male,1.6,0,2023-03-31
E0753,Nancy,Smith,Sales,Lead,117864,14,Seattle,Master,39,Female,2.3,0,2009-10-27
E0754,Jennifer,Thompson,Legal,Senior,113089,18,Denver,Master,42,Male,2.6,1,2005-11-22
E0755,Robert,Moore,HR,Lead,126988,25,Boston,Master,49,Male,1.3,0,1999-01-03
E0756,Thomas,Brown,Legal,Junior,62770,19,San Francisco,Master,43,Male,1.9,0,2005-01-05
E0757,Nancy,Garcia,Engineering,Mid,66194,13,San Francisco,Master,37,Male,3.1,0,2010-11-15
E0758,Patricia,Brown,Engineering,Director,161994,18,Denver,Bachelor,41,Female,2.3,0,2005-05-28
E0759,Patricia,Taylor,Operations,Manager,144563,14,New York,High School,43,Female,4.7,0,2009-10-11
E0760,Daniel,Thompson,HR,Junior,57940,12,Miami,Bachelor,43,Female,2.3,0,2011-10-17
E0761,Sarah,Garcia,Engineering,Director,153144,16,New York,High School,40,Male,3.2,0,2007-10-11
E0762,Robert,Johnson,Marketing,Director,177481,7,Seattle,High School,31,Female,2.1,0,2016-01-29
E0763,John,Thomas,HR,Director,154314,23,Boston,Bachelor,53,Male,3.7,0,2000-11-11
E0764,William,Jones,Engineering,Mid,61183,20,Austin,Bachelor,45,Male,3.9,0,2003-12-12
E0765,Michael,Johnson,Marketing,Director,178698,3,Chicago,High School,28,Female,2.3,1,2020-06-25
E0766,Susan,White,Finance,Lead,111456,0,Austin,PhD,32,Female,2.8,0,2023-12-03
E0767,James,Garcia,Sales,Manager,137605,7,San Francisco,PhD,31,Male,2.9,0,2016-11-27
E0768,Patricia,Smith,Engineering,Mid,79072,23,Seattle,Bachelor,53,Female,1.3,0,2000-09-17
E0769,Jessica,Jackson,Marketing,Mid,78595,2,New York,High School,27,Female,2.6,0,2021-11-02
E0770,Linda,Taylor,IT,Lead,120089,24,Chicago,High School,46,Female,2.4,1,1999-06-25
E0771,Jessica,Taylor,Finance,Senior,94846,20,Austin,Master,42,Male,3.9,0,2003-05-26
E0772,Jennifer,Moore,Operations,Junior,49905,20,Austin,Bachelor,51,Male,2.5,0,2003-06-28
E0773,Jessica,Jones,Sales,Junior,49683,4,Boston,Master,30,Female,3.7,1,2019-09-14
E0774,Nancy,Brown,Engineering,Manager,144082,15,Denver,Bachelor,46,Male,3.9,0,2008-01-19
E0775,William,Davis,Sales,Director,169686,18,Austin,Master,50,Male,4.5,0,2005-06-25
E0776,Susan,Lee,Finance,Lead,111116,11,Austin,Bachelor,43,Male,2.0,1,2012-12-05
E0777,Susan,Martin,Engineering,Director,157893,2,Miami,PhD,25,Male,2.5,0,2021-01-05
E0778,Matthew,Rodriguez,Operations,Lead,130505,23,Miami,Master,51,Female,2.6,0,2000-01-19
E0779,Susan,Davis,Finance,Director,175299,20,Denver,Master,47,Female,5.0,1,2003-09-26
E0780,John,Thomas,IT,Director,169485,24,Austin,Master,54,Male,1.3,0,1999-06-26
E0781,David,White,Operations,Junior,57546,22,Seattle,High School,44,Female,1.7,0,2001-03-19
E0782,Joseph,Martinez,Marketing,Senior,110772,11,Miami,Bachelor,42,Male,4.4,1,2012-06-22
E0783,Patricia,Rodriguez,Legal,Senior,89479,7,Chicago,PhD,34,Male,4.7,1,2016-03-07
E0784,Jennifer,Thomas,Finance,Director,167840,18,San Francisco,Master,43,Female,4.5,1,2005-09-01
E0785,Thomas,Davis,Engineering,Lead,123565,13,San Francisco,High School,38,Male,3.1,0,2010-02-02
E0786,Patricia,Williams,Sales,Lead,122394,11,Boston,PhD,35,Male,4.7,0,2012-10-23
E0787,Jennifer,Thomas,Operations,Mid,66852,11,Miami,Master,43,Female,4.4,0,2012-08-13
E0788,Jennifer,Smith,Legal,Junior,43684,15,Denver,Master,40,Male,1.9,0,2008-02-10
E0789,David,Thomas,Legal,Mid,78917,13,Austin,Bachelor,41,Female,1.0,1,2010-01-20
E0790,Susan,Jones,Engineering,Director,177112,1,Miami,High School,33,Male,4.7,0,2022-01-08
E0791,Jennifer,Jones,Engineering,Junior,40829,4,San Francisco,Master,33,Male,2.3,0,2019-01-18
E0792,Linda,Thompson,HR,Junior,53940,0,San Francisco,Bachelor,31,Female,3.1,0,2023-07-31
E0793,Michael,Taylor,Sales,Lead,110389,1,Boston,Master,26,Male,3.1,0,2022-10-31
E0794,Sarah,Davis,Engineering,Manager,141131,5,Boston,Bachelor,36,Female,4.9,0,2018-02-13
E0795,Thomas,Davis,HR,Mid,64861,5,Austin,Bachelor,29,Male,2.1,0,2018-02-09
E0796,Jessica,Williams,HR,Senior,92389,4,Boston,High School,29,Female,2.6,0,2019-05-31
E0797,Sarah,Brown,Legal,Junior,56759,5,Chicago,Bachelor,33,Female,1.2,1,2018-02-26
E0798,Karen,Davis,Sales,Mid,72990,3,Chicago,High School,30,Female,3.7,0,2020-02-06
E0799,Joseph,Jackson,IT,Director,174970,8,Austin,Master,38,Female,4.0,1,2015-08-24
E0800,Daniel,Smith,HR,Mid,82637,4,San Francisco,Master,28,Female,5.0,0,2019-10-12
E0801,Jennifer,Garcia,Marketing,Director,176728,21,Boston,PhD,53,Male,2.5,0,2002-02-17
E0802,Linda,Jackson,Operations,Mid,72176,20,Austin,High School,42,Male,3.1,1,2003-06-21
E0803,David,Davis,Legal,Senior,88425,7,Seattle,High School,29,Female,1.6,0,2016-04-29
E0804,Mary,Martin,Sales,Mid,85387,12,Seattle,PhD,36,Male,3.3,0,2011-06-13
E0805,Mary,Anderson,Operations,Lead,107072,10,Boston,Master,36,Male,4.2,0,2013-05-05
E0806,John,Thompson,Sales,Senior,87833,13,Boston,Master,39,Female,2.1,0,2010-11-29
E0807,Matthew,Wilson,Sales,Manager,143622,12,Miami,PhD,43,Female,4.2,1,2011-09-18
E0808,Jennifer,Smith,Engineering,Mid,60595,8,San Francisco,PhD,32,Male,1.5,0,2015-05-26
E0809,Jessica,White,Marketing,Senior,87401,6,Denver,PhD,37,Female,2.6,0,2017-08-31
E0810,Sarah,Davis,Legal,Mid,62431,5,San Francisco,Bachelor,33,Male,2.8,0,2018-04-26
E0811,Karen,White,Engineering,Lead,116112,22,Miami,PhD,53,Female,1.9,0,2001-04-10
E0812,Patricia,White,HR,Director,172444,18,San Francisco,PhD,44,Female,2.2,1,2005-09-24
E0813,Jennifer,Brown,Operations,Mid,67640,3,San Francisco,Master,27,Male,4.1,0,2020-12-09
E0814,Elizabeth,Jackson,IT,Senior,94266,18,New York,High School,50,Male,1.6,0,2005-05-17
E0815,Jessica,Jackson,Legal,Lead,115032,9,Denver,Master,39,Female,3.4,0,2014-01-28
E0816,Jessica,Johnson,Sales,Lead,131745,6,Seattle,Master,34,Male,1.1,1,2017-07-09
E0817,Matthew,Taylor,Operations,Director,157228,15,Seattle,PhD,40,Male,4.9,0,2008-12-16
E0818,Matthew,Taylor,Sales,Director,168528,20,Austin,Master,47,Male,1.2,0,2003-10-28
E0819,Patricia,Garcia,Legal,Director,150260,5,Chicago,PhD,32,Female,3.7,0,2018-07-07
E0820,Daniel,White,HR,Junior,67961,10,Boston,PhD,41,Female,4.7,0,2013-08-08
E0821,Linda,Martinez,IT,Mid,69782,10,Seattle,High School,36,Female,3.4,0,2013-08-07
E0822,Matthew,Moore,HR,Manager,127944,22,Seattle,Bachelor,48,Female,4.5,1,2001-08-18
E0823,Daniel,Thomas,Marketing,Mid,67357,1,Chicago,PhD,32,Male,5.0,0,2022-07-17
E0824,Matthew,Moore,Finance,Junior,48165,5,Chicago,High School,28,Male,1.5,0,2018-12-29
E0825,Michael,Martinez,Engineering,Lead,115709,9,Denver,Master,39,Female,2.9,0,2014-07-09
E0826,William,Thompson,Marketing,Junior,48009,0,Denver,Master,22,Female,4.7,1,2023-07-31
E0827,Patricia,Jones,HR,Manager,121789,0,San Francisco,Bachelor,24,Female,2.3,0,2023-07-03
E0828,David,Thompson,Operations,Manager,143166,19,Boston,PhD,47,Male,3.2,0,2004-09-30
E0829,Susan,Lee,Sales,Manager,139971,6,Seattle,Bachelor,29,Female,3.8,0,2017-08-22
E0830,Susan,Johnson,HR,Junior,42374,7,Austin,Master,37,Male,1.8,0,2016-03-27
E0831,Thomas,Martinez,Marketing,Junior,68114,7,Chicago,Master,32,Female,1.8,1,2016-07-28
E0832,Daniel,Taylor,Finance,Mid,81734,14,New York,High School,45,Female,3.8,0,2009-06-06
E0833,John,Jackson,Finance,Lead,129682,18,Miami,Master,40,Male,2.9,1,2005-10-19
E0834,Linda,Lee,Engineering,Senior,91810,10,Boston,High School,32,Male,1.6,0,2013-10-16
E0835,David,Garcia,Finance,Lead,117807,10,Austin,Bachelor,34,Male,3.1,1,2013-05-19
E0836,Joseph,Thompson,HR,Junior,44466,0,San Francisco,Bachelor,24,Male,4.5,1,2023-07-16
E0837,John,Brown,HR,Mid,68311,13,Denver,PhD,42,Female,4.7,1,2010-05-24
E0838,Susan,Wilson,IT,Mid,85424,15,Austin,High School,46,Male,2.1,0,2008-02-27
E0839,Karen,Rodriguez,Engineering,Junior,69606,5,Miami,Bachelor,30,Male,1.1,1,2018-03-11
E0840,John,Thompson,Marketing,Junior,44163,17,New York,High School,43,Female,3.9,0,2006-05-16
E0841,Jessica,Rodriguez,Marketing,Senior,86707,11,Miami,High School,33,Female,3.6,0,2012-05-24
E0842,Jennifer,Rodriguez,Operations,Senior,98563,3,New York,PhD,34,Female,3.6,1,2020-02-29
E0843,Robert,Wilson,Legal,Mid,85841,21,San Francisco,Bachelor,50,Male,2.3,1,2002-02-18
E0844,William,Martin,Operations,Lead,117917,24,Chicago,Bachelor,54,Female,2.0,1,1999-08-16
E0845,Mary,Brown,Sales,Mid,63267,4,Miami,High School,27,Male,3.8,0,2019-11-19
E0846,Thomas,Johnson,IT,Director,170125,1,Miami,Master,33,Male,4.2,0,2022-11-25
E0847,William,Anderson,Marketing,Senior,88393,18,Chicago,Master,49,Male,3.0,1,2005-02-23
E0848,Linda,Lee,Marketing,Lead,117707,23,Miami,Bachelor,49,Male,1.1,0,2000-09-01
E0849,David,Rodriguez,Marketing,Mid,63702,12,Denver,Bachelor,36,Male,4.0,1,2011-06-26
E0850,James,Martinez,HR,Mid,69499,9,Miami,Master,35,Male,2.1,1,2014-05-22
E0851,Joseph,Martin,Marketing,Junior,68186,11,Boston,High School,42,Female,1.8,0,2012-01-20
E0852,Jessica,Miller,Legal,Senior,105444,22,Chicago,Master,46,Female,1.9,1,2001-06-17
E0853,Susan,Thompson,Legal,Lead,115449,25,Chicago,High School,49,Female,1.3,0,1998-10-18
E0854,Susan,Thompson,Sales,Mid,86526,19,Chicago,Bachelor,43,Female,1.5,0,2004-12-22
E0855,David,Thompson,IT,Mid,61377,4,Denver,Bachelor,35,Female,2.0,0,2019-07-24
E0856,Jennifer,Johnson,Marketing,Director,163389,5,Denver,PhD,36,Male,2.3,1,2018-08-04
E0857,Michael,Miller,Engineering,Director,171915,17,San Francisco,Bachelor,44,Male,1.2,0,2006-11-17
E0858,John,Garcia,HR,Director,178034,5,Chicago,High School,28,Male,4.1,0,2018-02-08
E0859,Robert,Thomas,Finance,Manager,141716,3,Denver,PhD,30,Female,2.2,1,2020-04-01
E0860,Mary,Taylor,Sales,Manager,130705,8,Seattle,Master,38,Male,4.3,0,2015-04-03
E0861,Thomas,Martin,Engineering,Lead,110821,18,Miami,Bachelor,48,Female,3.1,0,2005-04-26
E0862,Patricia,White,IT,Director,163163,9,Denver,Bachelor,37,Male,2.2,1,2014-07-28
E0863,John,Miller,Marketing,Director,164290,25,Chicago,High School,49,Female,3.8,1,1998-10-08
E0864,Elizabeth,Jackson,Marketing,Manager,128288,17,San Francisco,High School,42,Female,4.5,0,2006-11-09
E0865,Matthew,Martin,IT,Manager,139969,19,San Francisco,Bachelor,50,Male,1.4,0,2004-08-16
E0866,James,Garcia,Engineering,Mid,88678,13,New York,High School,41,Male,2.4,1,2010-06-09
E0867,Michael,Brown,Marketing,Manager,131031,6,New York,Master,36,Male,2.3,1,2017-06-14
E0868,James,Anderson,HR,Manager,149463,7,Chicago,PhD,37,Male,3.6,0,2016-01-05
E0869,Jessica,Garcia,Engineering,Junior,54781,12,Miami,PhD,42,Male,4.4,1,2011-01-12
E0870,Michael,Jackson,HR,Manager,139969,12,Denver,High School,44,Female,3.5,0,2011-09-22
E0871,Jessica,Lee,IT,Mid,73030,14,Seattle,High School,37,Male,4.9,1,2009-08-31
E0872,Patricia,Lee,Marketing,Mid,89493,7,Austin,Master,38,Male,2.8,0,2016-10-16
E0873,Sarah,Jackson,Sales,Manager,135626,10,Denver,High School,32,Male,2.7,0,2013-06-10
E0874,Daniel,Brown,Operations,Manager,125473,0,Seattle,Bachelor,32,Male,3.5,0,2023-04-01
E0875,Patricia,Anderson,Legal,Lead,108826,14,Denver,Bachelor,44,Female,2.4,0,2009-01-14
E0876,Joseph,Taylor,Engineering,Director,176932,23,Boston,PhD,47,Female,4.1,0,2000-01-13
E0877,Thomas,Miller,Operations,Manager,147178,3,Seattle,Bachelor,27,Female,2.3,0,2020-07-20
E0878,Robert,Thompson,IT,Director,170855,0,New York,PhD,29,Female,3.5,1,2023-08-02
E0879,Matthew,White,IT,Lead,124341,9,Denver,PhD,32,Male,3.2,0,2014-05-24
E0880,Karen,Anderson,Legal,Senior,107478,21,Seattle,PhD,50,Female,1.3,0,2002-08-29
E0881,Thomas,Martin,Finance,Junior,53466,14,Boston,Bachelor,39,Female,3.9,0,2009-08-10
E0882,James,Rodriguez,Sales,Lead,114599,24,Seattle,Master,55,Male,4.2,1,1999-04-09
E0883,Jennifer,Taylor,IT,Junior,50704,5,Chicago,PhD,28,Male,2.6,1,2018-12-17
E0884,Karen,Rodriguez,Engineering,Junior,67520,17,Boston,High School,41,Male,1.0,0,2006-08-20
E0885,Elizabeth,Lee,HR,Director,176361,1,Austin,PhD,28,Female,4.3,0,2022-04-29
E0886,Robert,Moore,Sales,Manager,131391,13,Boston,High School,38,Male,1.0,1,2010-12-28
E0887,Patricia,Thompson,Operations,Director,162791,24,Boston,Bachelor,56,Male,4.6,0,1999-06-15
E0888,Michael,Moore,IT,Senior,88181,17,Seattle,PhD,43,Female,3.3,0,2006-03-22
E0889,Daniel,Jackson,Legal,Director,179893,0,Chicago,PhD,32,Male,1.1,0,2023-11-02
E0890,Linda,Rodriguez,HR,Lead,117201,22,Seattle,Master,45,Female,1.5,0,2001-12-13
E0891,Jessica,Lee,Engineering,Lead,120858,8,Denver,Master,40,Male,2.2,1,2015-07-12
E0892,Nancy,Thomas,Marketing,Mid,63828,10,Miami,Bachelor,37,Female,4.7,0,2013-02-25
E0893,Linda,Miller,Marketing,Mid,64092,19,Seattle,PhD,41,Male,2.0,0,2004-07-20
E0894,Susan,White,IT,Senior,102733,9,Austin,PhD,41,Female,1.7,0,2014-07-21
E0895,John,Jones,HR,Manager,127380,10,Seattle,Master,32,Female,1.9,1,2013-04-28
E0896,Jennifer,Williams,Engineering,Junior,64281,7,San Francisco,PhD,35,Male,4.7,0,2016-10-29
E0897,Karen,Davis,Legal,Lead,110146,13,Boston,Master,39,Female,3.2,1,2010-04-05
E0898,David,Brown,Finance,Mid,82323,11,Denver,High School,35,Female,3.0,0,2012-01-05
E0899,Mary,Anderson,Legal,Junior,41793,10,Seattle,High School,32,Female,2.8,0,2013-04-08
E0900,Susan,Jones,Legal,Mid,85057,11,Seattle,PhD,43,Female,1.4,0,2012-09-16
E0901,Matthew,Moore,Legal,Junior,51678,18,Austin,Master,44,Female,4.4,0,2005-01-11
E0902,James,Davis,Engineering,Senior,92581,15,Austin,High School,45,Male,2.7,0,2008-04-06
E0903,Nancy,Garcia,Sales,Director,156587,7,Denver,High School,39,Female,3.0,0,2016-04-11
E0904,Sarah,Miller,Sales,Senior,111031,5,New York,Master,34,Female,1.7,0,2018-03-30
E0905,David,Miller,Operations,Mid,64005,14,Boston,Bachelor,40,Female,4.2,0,2009-06-09
E0906,Jessica,Jackson,Engineering,Junior,56773,18,Austin,Master,41,Female,4.5,0,2005-07-07
E0907,Joseph,Thompson,Legal,Lead,129323,12,San Francisco,Master,36,Male,1.8,0,2011-03-07
E0908,David,Johnson,Finance,Lead,125614,25,New York,High School,53,Male,1.2,0,1998-08-26
E0909,Linda,Wilson,Operations,Lead,112467,18,Chicago,High School,40,Male,3.2,0,2005-04-08
E0910,William,Martin,Finance,Senior,90577,20,Seattle,PhD,46,Female,2.8,0,2003-06-21
E0911,Daniel,Jones,Operations,Lead,115767,20,San Francisco,High School,51,Male,1.6,0,2003-07-12
E0912,John,Jones,Legal,Director,167655,19,Seattle,Bachelor,51,Female,4.6,0,2004-02-01
E0913,Patricia,Rodriguez,Operations,Manager,137338,9,Austin,PhD,35,Female,4.0,1,2014-07-19
E0914,James,Miller,IT,Manager,123434,2,Boston,PhD,26,Male,4.1,0,2021-09-12
E0915,James,Smith,Legal,Manager,122614,8,Chicago,High School,35,Female,2.9,1,2015-03-14
E0916,Michael,Davis,Operations,Mid,78359,13,Boston,High School,41,Female,4.0,0,2010-03-11
E0917,David,Miller,Engineering,Director,165226,23,Chicago,PhD,45,Male,4.0,1,2000-01-30
E0918,Robert,Thompson,HR,Manager,122615,0,Miami,Master,25,Male,3.6,0,2023-04-04
E0919,Mary,Martin,Sales,Mid,83707,13,Boston,High School,35,Male,1.2,0,2010-03-17
E0920,Joseph,Williams,Marketing,Senior,91952,22,Boston,PhD,51,Male,2.5,0,2001-09-23
E0921,Nancy,Taylor,Legal,Junior,47111,22,Austin,Bachelor,49,Female,2.0,0,2001-04-21
E0922,John,Anderson,Engineering,Director,160940,17,Seattle,PhD,44,Male,1.3,0,2006-05-30
E0923,Jennifer,Anderson,IT,Lead,112844,18,Boston,High School,47,Male,2.5,1,2005-03-21
E0924,Sarah,Garcia,Engineering,Director,154391,16,Miami,High School,41,Male,3.2,0,2007-05-09
E0925,Jennifer,Martin,IT,Lead,105153,10,San Francisco,PhD,35,Female,2.0,0,2013-08-05
E0926,Thomas,Wilson,IT,Junior,41145,3,Austin,Master,34,Female,2.6,1,2020-01-11
E0927,Karen,Smith,Operations,Junior,41227,6,Chicago,PhD,38,Male,1.0,1,2017-03-22
E0928,William,Rodriguez,IT,Mid,73835,4,Seattle,PhD,34,Male,3.1,0,2019-11-11
E0929,Mary,Thomas,Operations,Mid,60708,18,Miami,PhD,46,Female,3.8,0,2005-03-17
E0930,William,White,Engineering,Manager,125691,5,Miami,Master,35,Female,4.0,0,2018-04-03
E0931,Sarah,Brown,HR,Senior,102617,23,Miami,Master,52,Male,1.1,0,2000-10-29
E0932,Michael,Martinez,Sales,Junior,64823,12,Austin,High School,38,Female,1.8,0,2011-12-18
E0933,Joseph,Martinez,Operations,Manager,127289,23,Miami,PhD,48,Male,4.3,1,2000-09-19
E0934,Michael,Martin,Engineering,Manager,120408,19,Denver,High School,42,Male,3.2,0,2004-07-11
E0935,John,Garcia,Operations,Senior,110805,5,Austin,High School,27,Male,3.9,0,2018-08-21
E0936,James,Johnson,Legal,Mid,60239,8,Miami,Master,34,Male,3.3,1,2015-12-01
E0937,Mary,White,Operations,Mid,87531,17,Miami,Master,49,Male,4.8,0,2006-11-28
E0938,Karen,Jackson,Marketing,Senior,102825,14,Chicago,PhD,36,Female,4.5,0,2009-03-10
E0939,Elizabeth,Jones,HR,Mid,65814,11,Chicago,Master,34,Male,2.1,0,2012-04-25
E0940,Nancy,Johnson,HR,Mid,73736,3,New York,Bachelor,26,Female,2.5,0,2020-04-03
E0941,Karen,Taylor,IT,Mid,61646,15,Miami,Bachelor,37,Male,4.7,1,2008-10-20
E0942,Jessica,Jones,Engineering,Junior,59482,10,San Francisco,Master,35,Male,2.6,0,2013-06-17
E0943,David,Smith,Engineering,Junior,51107,14,New York,High School,43,Female,2.0,0,2009-03-01
E0944,Thomas,Williams,Engineering,Junior,66166,14,Austin,High School,39,Female,1.7,1,2009-02-23
E0945,Daniel,Jackson,HR,Manager,146640,12,San Francisco,PhD,43,Female,1.6,1,2011-12-14
E0946,Patricia,Jackson,Finance,Senior,113512,22,San Francisco,Bachelor,48,Male,2.9,1,2001-06-12
E0947,Linda,Martinez,Finance,Senior,93024,13,Seattle,Bachelor,35,Male,2.4,1,2010-10-22
E0948,Matthew,Rodriguez,IT,Junior,44720,10,San Francisco,Bachelor,34,Male,3.3,0,2013-09-16
E0949,James,Miller,Legal,Lead,133944,5,Chicago,PhD,33,Female,2.3,1,2018-02-21
E0950,Nancy,Martinez,Marketing,Lead,118401,2,New York,Bachelor,34,Female,4.8,0,2021-05-08
E0951,Mary,Jones,Operations,Manager,137696,11,San Francisco,High School,34,Male,2.3,0,2012-06-22
E0952,Elizabeth,White,Sales,Mid,86392,13,Denver,Master,43,Female,3.2,0,2010-06-11
E0953,James,Martin,IT,Mid,67008,14,Seattle,Master,42,Female,2.0,0,2009-12-05
E0954,Matthew,Brown,HR,Lead,131898,21,New York,PhD,51,Female,3.5,0,2002-11-22
E0955,Matthew,Martin,Sales,Lead,114855,1,Austin,PhD,23,Male,4.3,0,2022-06-09
E0956,William,Moore,HR,Senior,102705,8,New York,Bachelor,38,Male,1.9,0,2015-05-25
E0957,James,Garcia,IT,Senior,93988,13,San Francisco,Bachelor,37,Male,4.0,0,2010-10-21
E0958,Michael,Smith,Marketing,Junior,51772,10,New York,High School,32,Male,3.2,0,2013-09-19
E0959,Matthew,Brown,Finance,Director,173406,12,New York,High School,41,Male,1.5,1,2011-09-04
E0960,Robert,Davis,Engineering,Junior,58993,2,Chicago,PhD,30,Male,4.7,0,2021-03-17
E0961,James,Lee,Legal,Director,173473,19,Boston,Master,41,Male,4.8,0,2004-06-21
E0962,Mary,Smith,IT,Lead,113454,12,Seattle,Bachelor,37,Male,2.7,0,2011-12-15
E0963,David,Williams,HR,Lead,107702,3,Boston,Master,33,Female,3.0,0,2020-11-19
E0964,James,Williams,Finance,Mid,60595,6,Boston,Bachelor,38,Female,4.1,1,2017-08-22
E0965,Nancy,White,IT,Junior,54630,10,Seattle,Master,38,Female,4.5,0,2013-03-15
E0966,Robert,Rodriguez,Marketing,Director,151758,3,New York,Bachelor,25,Male,3.8,1,2020-03-26
E0967,Elizabeth,Smith,Marketing,Director,157290,16,Chicago,PhD,45,Male,1.1,0,2007-03-06
E0968,Thomas,Davis,Sales,Lead,113587,22,Boston,Bachelor,49,Female,2.2,0,2001-10-29
E0969,John,Garcia,HR,Senior,99890,0,San Francisco,Bachelor,22,Female,1.4,1,2023-08-04
E0970,Susan,Thompson,IT,Junior,60589,5,New York,Master,37,Female,1.5,1,2018-07-19
E0971,Jessica,Thomas,Legal,Manager,125665,7,New York,High School,29,Male,1.5,1,2016-08-20
E0972,Michael,Jones,Marketing,Lead,107839,0,Denver,High School,23,Female,1.4,1,2023-10-04
E0973,Jessica,Thomas,Finance,Manager,143439,11,Boston,Bachelor,33,Female,2.2,0,2012-04-24
E0974,Linda,Martinez,Finance,Director,155823,4,Denver,High School,33,Male,3.5,0,2019-06-02
E0975,Elizabeth,Jackson,Engineering,Senior,101358,23,Chicago,Master,55,Male,2.4,0,2000-09-24
E0976,David,Brown,Sales,Lead,118429,17,Chicago,PhD,41,Male,2.6,0,2006-10-14
E0977,Joseph,Jones,IT,Lead,128055,25,Chicago,Master,53,Male,4.8,0,1998-07-12
E0978,William,White,Legal,Lead,132928,17,Seattle,PhD,46,Female,4.3,0,2006-04-19
E0979,Jessica,Brown,Engineering,Director,156805,11,Seattle,PhD,33,Female,4.9,1,2012-12-16
E0980,Elizabeth,Thomas,Operations,Senior,111597,6,Denver,Bachelor,32,Male,1.6,0,2017-12-06
E0981,Susan,Rodriguez,IT,Senior,104811,23,Chicago,High School,50,Female,3.6,1,2000-10-15
E0982,Nancy,Jackson,Finance,Director,176816,2,Austin,High School,25,Male,2.9,1,2021-11-11
E0983,Matthew,Martinez,IT,Mid,70050,7,Chicago,High School,34,Female,3.3,0,2016-01-22
E0984,Patricia,Brown,Engineering,Lead,118276,8,New York,Bachelor,30,Male,1.6,0,2015-07-10
E0985,Jennifer,Davis,Finance,Mid,81512,23,New York,High School,49,Female,1.2,0,2000-11-25
E0986,Patricia,Martin,IT,Junior,66994,7,Denver,High School,36,Male,1.8,1,2016-10-22
E0987,Nancy,White,HR,Junior,59486,14,New York,High School,44,Male,4.2,1,2009-03-07
E0988,Patricia,Jackson,Engineering,Mid,69758,15,San Francisco,PhD,38,Female,1.2,0,2008-09-03
E0989,Mary,Martin,IT,Mid,84922,11,Seattle,High School,43,Female,4.4,0,2012-02-23
E0990,Michael,Moore,Operations,Senior,85308,20,Boston,Bachelor,43,Female,3.1,0,2003-11-28
E0991,Thomas,Martin,Engineering,Lead,110454,17,New York,PhD,47,Male,4.1,0,2006-01-24
E0992,Patricia,Thomas,Engineering,Director,157428,14,New York,High School,37,Female,4.9,1,2009-06-06
E0993,Joseph,Rodriguez,HR,Director,169520,24,Miami,PhD,55,Male,3.1,0,1999-02-17
E0994,James,Garcia,HR,Junior,54660,13,Seattle,High School,43,Female,4.1,0,2010-11-11
E0995,Elizabeth,Miller,Engineering,Junior,45561,20,Chicago,Bachelor,46,Female,4.9,1,2003-01-29
E0996,Joseph,Lee,Sales,Lead,124171,1,Boston,PhD,29,Female,2.6,0,2022-02-27
E0997,Jessica,White,IT,Lead,127355,21,San Francisco,Bachelor,48,Female,3.8,0,2002-12-04
E0998,Elizabeth,Jones,Marketing,Junior,50546,1,Denver,High School,24,Male,2.9,1,2022-06-07
E0999,Jennifer,Martinez,HR,Senior,86521,20,Austin,High School,50,Male,3.3,1,2003-08-27
E1000,Elizabeth,Brown,Finance,Manager,122161,7,Denver,High School,29,Male,2.3,1,2016-12-28
