user_id,date,activity_type,duration_minutes,calories_burned,distance_km,avg_heart_rate,steps,sleep_hours,water_intake_liters,weight_kg,bmi,fitness_goal,age,gender
U002,2024-07-25,Swimming,27,204,1.54,150,13951,8.6,3.1,109.3,32.7,Muscle Gain,32,Female
U003,2024-09-12,Weight Training,54,477,0,101,2102,6.0,3.5,102.8,37.3,Flexibility,34,Male
U004,2024-06-13,CrossFit,79,848,0,164,15909,9.1,1.4,78.3,25.0,Weight Loss,26,Male
U005,2024-06-23,CrossFit,78,569,0,102,6390,5.4,2.1,83.8,27.3,Endurance,34,Male
U006,2024-05-29,Walking,96,510,11.25,166,17134,5.0,3.2,51.1,18.4,Flexibility,41,Female
U007,2024-08-25,Walking,113,930,7.25,135,4118,6.6,1.1,62.2,17.6,Weight Loss,41,Female
U008,2024-06-06,Yoga,111,1061,0,158,9532,6.9,3.2,63.0,20.7,Muscle Gain,51,Male
U009,2024-03-23,Swimming,71,502,4.07,128,18490,9.1,3.1,90.3,31.1,General Fitness,29,Female
U010,2024-06-02,Yoga,113,1159,0,157,15199,9.9,3.7,61.2,19.8,Weight Loss,46,Female
U011,2024-06-22,Walking,47,279,4.44,138,8778,4.9,3.8,101.6,30.3,Muscle Gain,53,Female
U012,2024-01-27,CrossFit,68,669,0,135,6108,5.3,2.6,93.3,26.3,Flexibility,60,Male
U013,2024-07-08,Yoga,81,925,0,156,14890,7.5,1.7,53.5,18.9,Muscle Gain,34,Male
U014,2024-06-16,HIIT,115,595,0,157,6744,6.8,2.7,94.5,25.3,General Fitness,46,Female
U015,2024-08-25,Yoga,114,577,0,114,12540,6.5,1.2,78.4,24.5,Flexibility,39,Female
U016,2024-09-01,Yoga,35,281,0,99,2905,5.4,3.3,65.6,18.4,Muscle Gain,43,Male
U017,2024-02-08,CrossFit,108,695,0,97,7769,5.1,2.9,78.9,31.1,Flexibility,41,Female
U018,2024-02-28,Walking,92,537,9.12,144,7386,4.3,1.9,87.0,27.9,Endurance,35,Female
U019,2024-04-05,Weight Training,19,144,0,103,15920,9.7,1.0,85.1,24.3,Weight Loss,29,Female
U020,2024-02-06,Running,27,323,3.75,113,15025,5.6,3.5,53.6,17.1,Flexibility,47,Male
U021,2024-01-17,Weight Training,118,1414,0,141,8357,6.7,3.3,103.3,31.0,Endurance,55,Male
U022,2024-08-13,Weight Training,38,299,0,148,8014,5.5,1.8,84.7,23.7,Muscle Gain,54,Female
U023,2024-06-15,CrossFit,70,829,0,161,2174,7.2,3.9,52.0,17.8,Endurance,21,Male
U024,2024-08-24,HIIT,93,939,0,160,12651,4.7,2.8,94.3,35.1,Muscle Gain,49,Male
U025,2024-08-07,Cycling,35,394,2.16,139,9281,6.1,1.1,108.5,34.4,Weight Loss,26,Female
U026,2024-09-07,Walking,72,559,5.98,111,16864,9.2,2.7,68.2,18.1,Endurance,57,Female
U027,2024-07-30,Running,72,724,7.24,159,16249,5.8,1.0,94.9,25.0,Weight Loss,28,Male
U028,2024-06-02,Running,100,1000,6.03,111,3522,5.0,3.3,104.2,30.1,Muscle Gain,57,Male
U029,2024-03-29,Yoga,48,422,0,94,9378,5.0,1.5,107.4,39.5,Weight Loss,28,Male
U030,2024-04-25,HIIT,23,121,0,137,12858,6.1,3.9,56.8,15.7,Endurance,36,Female
U031,2024-04-08,Running,43,472,4.65,160,11333,8.2,1.6,61.6,17.8,Muscle Gain,36,Male
U032,2024-03-03,Walking,35,320,2.21,158,2873,6.1,3.2,82.3,25.2,Muscle Gain,35,Female
U033,2024-01-29,Cycling,35,390,1.95,132,14871,5.9,3.6,86.1,33.5,Weight Loss,27,Male
U034,2024-07-15,CrossFit,66,421,0,151,17066,5.9,2.1,59.6,16.3,Muscle Gain,56,Female
U035,2024-02-21,Cycling,87,558,8.25,169,5204,7.5,1.5,76.8,22.9,Flexibility,41,Male
U036,2024-05-08,Walking,31,359,4.2,125,17514,5.9,3.0,80.5,21.9,Flexibility,24,Male
U037,2024-05-17,Running,94,750,8.92,119,2866,4.0,2.8,89.6,24.8,Endurance,26,Female
U038,2024-03-12,Running,39,240,2.36,135,9545,9.2,2.1,69.1,25.1,Weight Loss,55,Male
U039,2024-05-13,Yoga,45,434,0,96,18954,9.1,2.5,85.5,26.2,Flexibility,56,Male
U040,2024-06-13,HIIT,103,1049,0,106,7024,9.8,2.5,64.2,18.2,General Fitness,25,Male
U041,2024-04-30,Running,53,551,5.21,95,16136,7.0,2.1,84.5,22.6,Muscle Gain,55,Female
U042,2024-08-09,HIIT,27,202,0,169,3873,5.0,2.4,82.6,29.8,Endurance,21,Female
U043,2024-09-01,HIIT,109,947,0,114,19743,5.0,3.3,92.0,27.3,Muscle Gain,43,Male
U044,2024-06-12,Running,109,932,9.79,106,7514,6.2,3.8,101.7,31.2,Endurance,23,Female
U045,2024-07-26,Swimming,86,525,5.88,134,2282,8.5,2.6,71.2,20.4,Muscle Gain,37,Female
U046,2024-05-05,Swimming,85,669,9.26,122,7907,7.9,1.3,106.7,30.6,Endurance,23,Female
U047,2024-01-01,Swimming,91,462,4.67,143,14924,5.0,3.1,52.4,17.8,Endurance,39,Male
U048,2024-02-08,HIIT,70,445,0,98,17637,9.0,2.9,51.1,18.9,Weight Loss,23,Male
U049,2024-04-23,Weight Training,62,641,0,158,7820,4.8,1.9,77.8,31.0,Flexibility,18,Male
U050,2024-08-02,Walking,17,195,1.09,152,3221,5.9,1.8,56.7,17.0,Weight Loss,48,Female
U051,2024-08-04,Swimming,65,453,7.86,135,2338,4.1,2.0,77.8,29.3,Weight Loss,46,Female
U052,2024-02-17,Swimming,43,417,3.03,115,15446,4.7,2.9,97.6,35.7,Flexibility,37,Male
U053,2024-04-01,Weight Training,106,603,0,134,11044,9.4,1.9,104.9,39.5,Flexibility,48,Female
U054,2024-01-24,HIIT,76,885,0,94,15827,9.2,1.6,65.1,23.4,Endurance,45,Male
U055,2024-10-16,CrossFit,56,616,0,102,18764,7.3,1.1,55.2,15.5,Muscle Gain,29,Female
U056,2024-04-22,Swimming,20,223,1.57,118,16591,5.8,3.3,54.7,17.9,Endurance,40,Female
U057,2024-05-30,HIIT,116,739,0,139,10373,6.7,3.3,50.6,17.6,General Fitness,41,Male
U058,2024-05-16,Walking,112,667,11.87,95,11203,8.1,1.5,80.9,23.8,Weight Loss,59,Male
U059,2024-05-22,Running,91,670,9.11,133,12254,6.9,3.8,60.5,20.8,Muscle Gain,38,Male
U060,2024-07-29,Running,89,931,8.69,99,10580,8.0,1.1,79.3,24.2,Weight Loss,36,Male
U061,2024-10-04,CrossFit,79,923,0,156,10582,5.7,2.4,73.8,25.5,Flexibility,59,Female
U062,2024-02-04,Walking,47,529,6.34,106,14704,8.5,2.2,105.5,28.9,Endurance,60,Female
U063,2024-10-22,Cycling,81,616,8.24,167,3099,9.6,1.4,78.5,23.5,Weight Loss,18,Female
U064,2024-08-07,HIIT,20,197,0,161,14617,4.1,3.9,71.8,21.0,Weight Loss,39,Male
U065,2024-08-13,Weight Training,105,707,0,124,15920,7.6,1.7,51.6,17.0,Muscle Gain,19,Female
U066,2024-08-31,CrossFit,104,1096,0,105,19956,9.6,1.5,61.0,20.8,General Fitness,59,Female
U067,2024-01-24,Cycling,93,475,9.41,155,18615,6.6,1.7,95.6,28.8,Flexibility,48,Male
U068,2024-06-14,Walking,41,292,5.38,155,18505,8.5,4.0,51.4,14.4,Weight Loss,60,Female
U069,2024-10-06,Swimming,32,345,3.82,97,10597,7.9,2.7,95.9,27.8,Flexibility,46,Male
U070,2024-01-08,Walking,65,418,8.7,98,15179,8.6,2.7,107.7,29.6,Flexibility,30,Male
U071,2024-04-14,Cycling,101,1208,13.3,110,18073,4.7,1.5,92.1,24.6,Muscle Gain,47,Male
U072,2024-10-27,CrossFit,109,1242,0,90,19494,6.5,3.5,86.6,33.1,Endurance,28,Male
U073,2024-06-03,Weight Training,106,1046,0,158,9681,9.8,1.3,96.3,25.8,General Fitness,19,Male
U074,2024-06-23,Yoga,60,625,0,168,15714,6.7,4.0,85.9,34.6,General Fitness,46,Male
U075,2024-05-05,Running,62,422,6.87,110,10898,5.4,3.7,94.5,34.2,Weight Loss,27,Male
U076,2024-05-18,CrossFit,107,938,0,143,17449,7.0,3.8,73.2,25.3,Muscle Gain,25,Female
U077,2024-08-17,Running,28,214,3.78,164,6650,9.4,3.0,55.6,23.1,Weight Loss,25,Female
U078,2024-01-17,Running,91,1077,8.3,128,3393,6.7,1.1,51.9,16.0,General Fitness,58,Male
U079,2024-05-31,CrossFit,35,273,0,157,7426,7.6,2.2,60.4,16.8,Endurance,51,Female
U080,2024-08-27,Running,99,1084,9.48,156,18634,8.0,3.9,107.1,40.6,Endurance,23,Male
U081,2024-01-08,Walking,84,421,12.07,104,14611,9.2,1.5,78.3,26.9,General Fitness,20,Male
U082,2024-06-15,Running,45,421,4.3,112,15804,5.2,3.7,65.9,24.0,General Fitness,42,Male
U083,2024-03-14,Yoga,57,683,0,152,2192,4.5,1.0,94.8,27.0,Endurance,28,Female
U084,2024-01-05,Weight Training,67,614,0,164,4949,9.6,1.5,63.4,22.0,Muscle Gain,53,Female
U085,2024-05-30,CrossFit,66,710,0,97,10189,7.7,2.9,76.9,29.9,Muscle Gain,42,Female
U086,2024-09-29,Swimming,112,1258,9.05,135,13628,5.3,3.3,65.4,19.1,Flexibility,41,Female
U087,2024-09-12,Running,46,511,6.1,124,18712,7.3,1.4,102.5,32.4,Muscle Gain,51,Female
U088,2024-08-25,Yoga,106,826,0,109,8474,9.8,1.7,52.3,17.9,General Fitness,57,Female
U089,2024-03-30,Yoga,89,490,0,137,12171,7.4,2.5,104.7,28.9,Muscle Gain,21,Female
U090,2024-10-18,Swimming,92,797,6.3,142,6220,4.1,2.3,54.4,18.1,General Fitness,44,Male
U091,2024-05-06,Weight Training,59,450,0,165,7056,7.5,3.2,97.5,28.7,Muscle Gain,38,Female
U092,2024-05-10,Walking,86,739,10.41,147,8137,6.2,3.3,50.7,19.8,General Fitness,29,Male
U093,2024-02-13,Yoga,92,983,0,102,12727,5.2,2.6,61.4,17.8,Muscle Gain,26,Female
U094,2024-02-04,Running,18,90,1.02,128,3627,7.9,3.0,78.0,26.7,Endurance,59,Male
U095,2024-03-18,Running,51,515,5.43,117,11847,4.7,1.6,98.7,32.3,General Fitness,48,Male
U096,2024-05-31,Running,90,836,8.41,131,14574,5.8,3.2,90.0,26.9,Weight Loss,39,Male
U097,2024-02-22,Running,81,508,6.78,119,3015,7.4,2.5,75.6,23.5,General Fitness,34,Female
U098,2024-01-03,Swimming,87,1007,11.55,159,3112,7.9,3.6,74.1,28.8,Weight Loss,48,Female
U099,2024-09-02,Weight Training,95,1096,0,147,15385,6.5,3.8,75.8,26.8,Muscle Gain,59,Female
U100,2024-04-09,Running,54,363,7.77,152,10441,4.7,1.5,63.5,25.5,Flexibility,60,Female
U101,2024-04-25,Walking,27,137,2.69,153,8437,7.9,1.2,109.4,38.3,Flexibility,23,Male
U102,2024-04-07,Running,33,325,4.4,164,4325,7.5,2.5,61.6,20.5,Endurance,29,Female
U103,2024-09-30,Yoga,50,546,0,126,2002,8.7,2.5,51.5,15.0,Flexibility,26,Male
U104,2024-08-29,HIIT,23,263,0,90,17415,6.5,1.2,95.4,38.3,Weight Loss,53,Female
U105,2024-05-10,Cycling,76,749,11.1,111,19636,7.6,1.2,71.1,26.9,Weight Loss,56,Male
U106,2024-08-19,HIIT,80,400,0,134,19845,8.5,3.2,98.5,35.0,Endurance,35,Female
U107,2024-01-06,HIIT,46,423,0,104,15053,4.3,2.5,78.4,31.8,General Fitness,33,Male
U108,2024-10-06,Yoga,55,618,0,105,19680,5.7,1.1,95.7,29.8,Muscle Gain,29,Male
U109,2024-05-22,Running,102,659,9.0,110,3307,5.4,2.1,99.2,31.6,Weight Loss,60,Female
U110,2024-04-15,Running,34,263,2.24,133,4966,9.8,2.1,91.5,27.2,Muscle Gain,33,Female
U111,2024-01-28,Walking,31,198,4.44,167,17349,5.8,3.6,80.2,26.1,Flexibility,49,Male
U112,2024-05-24,CrossFit,20,183,0,95,5849,7.6,2.8,82.5,24.4,Muscle Gain,23,Male
U113,2024-10-14,Weight Training,102,1121,0,108,14772,6.3,1.3,82.2,26.2,Weight Loss,39,Male
U114,2024-03-22,Walking,45,283,2.79,166,15214,4.2,4.0,97.9,29.6,Muscle Gain,19,Female
U115,2024-01-30,Weight Training,91,1031,0,90,17599,6.9,1.8,92.7,33.3,General Fitness,26,Male
U116,2024-07-17,Cycling,71,728,5.6,99,13106,8.4,2.7,75.3,21.6,Flexibility,26,Female
U117,2024-09-30,Swimming,46,335,5.79,138,2090,6.2,3.9,58.3,20.1,Endurance,19,Male
U118,2024-01-27,HIIT,77,823,0,147,2194,5.3,2.2,74.1,26.2,Flexibility,33,Male
U119,2024-08-07,Walking,65,433,8.64,137,3442,4.8,2.6,88.5,27.0,Endurance,18,Male
U120,2024-01-12,Running,42,382,4.59,111,3923,8.8,1.7,51.7,18.0,General Fitness,34,Female
U121,2024-04-05,Swimming,103,659,14.86,137,17318,8.2,2.1,101.4,32.0,Flexibility,20,Male
U122,2024-03-11,Walking,20,118,2.93,134,18154,9.6,3.0,65.5,23.8,Weight Loss,38,Female
U123,2024-10-07,Yoga,103,720,0,132,9377,7.1,1.4,51.0,16.2,General Fitness,42,Female
U124,2024-07-08,HIIT,82,531,0,126,12819,6.4,2.2,102.0,31.9,Muscle Gain,25,Female
U125,2024-03-12,CrossFit,21,151,0,142,14448,4.1,3.9,74.5,21.2,Endurance,52,Female
U126,2024-02-02,Running,72,365,6.83,109,15814,9.4,2.2,57.9,20.2,Endurance,50,Female
U127,2024-09-11,Running,24,182,1.68,90,4223,6.6,3.0,88.1,35.0,Weight Loss,38,Female
U128,2024-06-06,Running,59,512,6.33,137,6225,5.1,1.9,62.6,19.6,Flexibility,54,Female
U129,2024-08-27,Running,105,800,8.02,136,9005,4.6,3.4,91.7,24.2,General Fitness,21,Female
U130,2024-06-02,CrossFit,30,270,0,100,19193,7.8,2.6,76.1,22.3,Flexibility,55,Male
U131,2024-10-13,Walking,57,439,3.55,120,8383,9.3,3.1,79.7,24.6,Flexibility,43,Male
U132,2024-02-15,HIIT,102,844,0,113,9958,10.0,3.1,100.9,28.8,General Fitness,34,Male
U133,2024-03-14,Running,118,1120,12.55,110,2836,7.6,2.3,64.5,24.4,General Fitness,48,Male
U134,2024-03-24,Swimming,41,367,5.58,127,10489,4.2,3.6,105.3,37.4,Flexibility,47,Female
U135,2024-03-10,Swimming,48,295,4.67,120,7224,5.3,2.6,70.3,27.2,Muscle Gain,29,Male
U136,2024-04-18,Cycling,47,461,2.35,144,8189,5.4,3.4,81.0,29.1,Endurance,49,Male
U137,2024-07-18,Swimming,92,465,10.79,132,12521,9.2,2.0,66.1,23.2,Weight Loss,46,Female
U138,2024-05-05,Walking,87,855,9.76,115,9246,4.7,1.0,99.9,28.7,Muscle Gain,27,Male
U139,2024-09-16,Walking,95,956,6.18,106,18146,6.7,2.4,62.2,24.9,Weight Loss,43,Female
U140,2024-06-20,Yoga,108,901,0,146,2113,5.2,2.1,64.3,18.4,General Fitness,38,Male
U141,2024-09-10,Yoga,32,301,0,100,3231,7.8,3.4,67.9,27.5,Endurance,19,Female
U142,2024-08-08,CrossFit,115,1185,0,154,7472,6.6,2.3,72.3,19.6,Muscle Gain,18,Male
U143,2024-05-14,Weight Training,105,822,0,155,13692,7.8,3.4,106.6,29.4,Flexibility,22,Female
U144,2024-10-19,CrossFit,49,353,0,152,8844,4.6,3.8,108.9,32.5,Flexibility,54,Female
U145,2024-05-24,Cycling,47,431,5.67,144,3126,7.5,2.9,68.9,24.5,General Fitness,60,Male
U146,2024-07-14,Swimming,120,950,16.47,127,9093,4.8,3.2,108.5,39.7,Weight Loss,26,Male
U147,2024-06-22,Swimming,106,936,12.76,158,4445,8.0,3.7,69.8,25.2,Muscle Gain,34,Male
U148,2024-06-04,Running,104,573,12.32,145,7352,4.8,1.6,85.5,27.5,Flexibility,37,Male
U149,2024-03-06,Swimming,58,451,5.57,154,18111,4.4,2.5,80.1,31.0,Muscle Gain,46,Female
U150,2024-04-12,Running,57,547,8.39,127,4208,6.3,1.1,91.9,24.3,Endurance,54,Female
U151,2024-06-15,Walking,54,446,7.99,166,19579,9.8,3.9,73.5,21.4,General Fitness,45,Female
U152,2024-08-15,Yoga,87,907,0,139,8317,9.3,2.6,108.3,30.2,Muscle Gain,30,Female
U153,2024-07-01,Cycling,21,228,1.17,108,15670,4.5,2.2,50.4,17.1,Endurance,46,Female
U154,2024-02-21,Yoga,57,484,0,156,15061,5.9,3.3,71.5,23.4,Muscle Gain,34,Female
U155,2024-03-08,Walking,50,252,2.76,157,16627,6.0,3.4,74.9,24.1,Endurance,21,Female
U156,2024-09-19,Cycling,68,522,5.14,103,7043,5.1,1.8,68.2,27.4,General Fitness,57,Female
U157,2024-04-29,Yoga,15,90,0,115,8605,7.2,3.7,109.9,45.3,Endurance,48,Male
U158,2024-04-18,Cycling,72,370,5.37,114,3493,9.3,1.9,106.2,40.9,General Fitness,59,Female
U159,2024-05-22,Running,37,196,4.42,96,19712,7.7,2.6,51.8,16.1,Weight Loss,31,Female
U160,2024-09-06,Running,89,924,10.13,167,17585,7.6,3.6,105.2,28.9,Muscle Gain,35,Female
U161,2024-06-30,Swimming,86,591,6.1,139,10857,7.2,1.9,104.9,34.8,Flexibility,49,Female
U162,2024-10-07,Running,88,638,10.03,118,10231,8.1,3.7,85.1,26.2,Weight Loss,26,Female
U163,2024-03-12,Running,36,360,2.7,108,3451,8.8,3.9,71.2,22.9,Endurance,51,Female
U164,2024-09-29,Running,74,469,6.01,95,9450,4.6,3.2,89.9,29.7,Flexibility,47,Female
U165,2024-03-22,HIIT,29,278,0,98,18825,9.4,3.2,109.6,32.9,Muscle Gain,18,Male
U166,2024-04-22,HIIT,115,1091,0,140,18852,8.8,1.8,84.2,32.3,Muscle Gain,45,Male
U167,2024-04-17,HIIT,107,945,0,169,11173,5.0,2.3,78.8,21.3,Weight Loss,46,Male
U168,2024-02-16,Running,64,500,8.6,117,4832,6.2,3.9,81.8,22.5,Flexibility,52,Male
U169,2024-01-12,Yoga,114,687,0,138,13855,8.9,2.7,74.9,23.9,Flexibility,27,Male
U170,2024-03-28,Swimming,73,735,5.26,150,5900,6.7,2.5,84.8,22.5,Muscle Gain,48,Male
U171,2024-08-17,Running,105,1122,13.26,144,12366,8.9,3.6,92.9,28.6,Weight Loss,60,Female
U172,2024-09-25,CrossFit,72,652,0,123,4313,7.8,2.3,79.8,28.4,Weight Loss,52,Male
U173,2024-10-24,CrossFit,110,711,0,155,4172,6.1,1.2,79.6,32.2,Endurance,41,Female
U174,2024-01-09,Swimming,66,711,4.69,123,18768,6.7,1.6,51.4,19.8,Flexibility,43,Male
U175,2024-06-19,Swimming,45,412,5.32,113,5752,9.6,3.4,86.2,26.5,Weight Loss,53,Male
U176,2024-09-07,Swimming,87,829,9.05,139,5220,7.1,1.4,98.5,30.1,Weight Loss,43,Female
U177,2024-04-28,Running,30,159,3.26,118,17762,8.7,2.8,58.6,18.7,Muscle Gain,35,Female
U178,2024-07-30,Yoga,92,1040,0,95,9949,8.3,1.1,79.4,26.4,General Fitness,32,Male
U179,2024-04-21,HIIT,60,590,0,91,17952,6.7,3.2,96.0,27.0,Weight Loss,38,Female
U180,2024-09-01,HIIT,95,503,0,130,16417,8.1,1.1,57.6,22.9,General Fitness,56,Male
U181,2024-02-09,Yoga,105,1129,0,123,3465,5.9,3.9,82.2,32.4,Endurance,22,Female
U182,2024-04-11,CrossFit,21,200,0,103,6993,9.6,3.9,97.6,27.3,Flexibility,52,Female
U183,2024-08-16,Cycling,56,526,5.0,158,4446,8.5,2.7,76.3,21.2,General Fitness,21,Male
U184,2024-10-21,Weight Training,96,1134,0,170,10749,6.1,2.5,65.8,17.5,Endurance,19,Male
U185,2024-09-12,Walking,107,1176,15.56,92,4175,6.6,3.8,86.8,28.6,General Fitness,60,Male
U186,2024-02-23,Cycling,60,544,5.99,147,7248,7.6,3.1,58.8,19.7,General Fitness,43,Male
U187,2024-04-26,Running,32,286,1.88,161,14068,9.5,3.0,88.6,23.3,Muscle Gain,29,Female
U188,2024-07-18,Cycling,63,691,7.79,98,13369,7.8,1.8,64.8,21.8,Weight Loss,47,Male
U189,2024-07-01,Yoga,52,549,0,150,10342,6.3,3.2,70.7,21.8,General Fitness,36,Male
U190,2024-03-25,CrossFit,49,499,0,168,5765,6.5,2.3,70.2,18.9,Weight Loss,50,Male
U191,2024-07-16,Walking,87,771,9.97,126,5240,5.4,3.3,100.3,30.4,Weight Loss,55,Female
U192,2024-03-05,Weight Training,103,866,0,147,11430,4.2,4.0,85.5,25.3,General Fitness,43,Female
U193,2024-01-16,Weight Training,40,415,0,93,6966,6.5,3.6,70.9,19.2,General Fitness,59,Female
U194,2024-08-10,Swimming,29,258,2.0,138,16824,6.8,2.8,72.7,24.7,Weight Loss,18,Male
U195,2024-03-06,HIIT,110,853,0,120,11105,5.0,3.9,51.9,14.9,Muscle Gain,32,Female
U196,2024-01-09,Running,24,271,1.7,146,15873,7.3,3.7,79.3,24.6,Weight Loss,48,Female
U197,2024-06-28,Cycling,56,338,4.5,141,5941,5.6,1.1,59.9,22.1,Weight Loss,47,Female
U198,2024-04-21,Walking,61,490,4.92,138,3721,4.7,2.2,79.4,31.0,Weight Loss,54,Female
U199,2024-02-17,Walking,93,877,7.96,110,7986,6.9,2.3,101.0,36.9,Endurance,56,Male
U200,2024-04-16,Running,42,482,6.17,160,12596,4.0,1.5,98.1,34.5,Endurance,36,Female
U001,2024-02-03,Walking,76,454,7.85,158,9493,7.4,1.9,95.3,25.5,Endurance,41,Female
U002,2024-08-22,Walking,108,1098,6.3,151,11581,7.5,1.6,71.5,28.1,General Fitness,51,Female
U003,2024-08-10,HIIT,42,228,0,91,11486,4.1,2.0,64.6,21.1,Flexibility,24,Male
U004,2024-06-08,Running,104,904,9.09,96,3958,4.6,3.1,78.8,29.0,Muscle Gain,55,Male
U005,2024-01-08,HIIT,26,300,0,122,9498,6.6,2.6,60.2,23.8,Flexibility,53,Male
U006,2024-01-28,CrossFit,27,143,0,141,19186,5.9,1.9,69.8,23.3,Flexibility,59,Male
U007,2024-07-25,Swimming,69,742,7.98,121,4362,6.2,1.8,92.4,34.8,Weight Loss,21,Male
U008,2024-01-10,Weight Training,21,132,0,154,16147,9.2,3.9,91.5,32.3,Endurance,26,Male
U009,2024-05-11,Yoga,109,617,0,127,7026,4.2,2.2,52.2,18.6,Endurance,55,Male
U010,2024-05-22,Running,27,320,2.43,121,8743,9.1,2.6,57.7,16.1,Weight Loss,20,Female
U011,2024-01-24,Weight Training,90,532,0,112,3546,6.2,1.4,51.7,13.8,Weight Loss,25,Male
U012,2024-02-29,Yoga,83,593,0,118,5310,5.2,2.9,71.8,23.3,Muscle Gain,28,Male
U013,2024-06-01,Yoga,57,617,0,142,11283,6.0,1.6,61.1,20.9,General Fitness,46,Female
U014,2024-07-01,Running,37,253,3.74,144,8334,5.6,3.2,93.8,29.5,Muscle Gain,45,Female
U015,2024-08-29,CrossFit,95,1076,0,121,11067,8.0,2.7,87.5,33.3,Muscle Gain,40,Female
U016,2024-07-18,Cycling,57,559,8.53,141,14154,8.9,2.7,54.0,17.7,Muscle Gain,41,Male
U017,2024-10-24,Running,94,1072,8.61,103,10735,6.8,4.0,63.2,21.6,Endurance,28,Female
U018,2024-10-24,CrossFit,114,1361,0,124,14904,6.6,2.0,64.0,24.0,Flexibility,26,Female
U019,2024-03-21,Weight Training,34,238,0,139,18182,9.5,1.5,56.2,18.6,Flexibility,59,Female
U020,2024-09-13,Weight Training,110,1031,0,118,12616,5.6,3.8,67.2,21.5,Flexibility,33,Male
U021,2024-10-06,Walking,115,656,14.15,108,11700,7.4,2.8,64.2,20.0,Weight Loss,44,Male
U022,2024-08-24,HIIT,43,417,0,154,4729,4.6,3.7,80.9,30.5,Weight Loss,19,Male
U023,2024-02-18,Running,78,830,7.6,138,3931,6.8,1.5,99.8,41.5,Endurance,52,Female
U024,2024-03-03,CrossFit,85,962,0,92,6585,6.3,1.8,62.5,24.3,Endurance,43,Male
U025,2024-03-25,Yoga,115,1197,0,140,8027,5.9,1.8,58.6,18.5,Flexibility,36,Female
U026,2024-06-02,Walking,41,468,2.83,103,17073,4.8,3.8,101.6,31.9,Weight Loss,31,Female
U027,2024-10-17,Yoga,79,863,0,100,5599,5.1,2.2,104.7,31.0,Flexibility,23,Female
U028,2024-07-18,CrossFit,101,523,0,160,9346,5.3,1.7,56.7,22.4,Weight Loss,28,Female
U029,2024-04-28,Running,29,226,3.53,162,10916,8.4,1.1,95.3,36.0,Endurance,35,Male
U030,2024-10-15,CrossFit,100,793,0,151,8721,9.7,1.8,97.7,35.3,General Fitness,34,Male
U031,2024-01-06,Running,24,265,2.38,117,3235,4.4,1.8,82.7,32.7,Endurance,55,Male
U032,2024-03-01,Running,21,229,2.43,110,3266,4.9,2.7,102.9,28.8,Flexibility,52,Male
U033,2024-06-17,Cycling,94,866,7.02,108,5997,9.7,3.3,65.5,18.0,Endurance,53,Female
U034,2024-02-21,Swimming,22,142,1.53,144,4011,8.2,2.7,90.3,29.7,Muscle Gain,52,Female
U035,2024-06-07,Running,25,181,2.45,101,18236,4.7,3.6,97.0,38.4,Weight Loss,26,Female
U036,2024-09-30,CrossFit,100,1107,0,110,19064,7.3,3.0,67.4,26.4,Flexibility,58,Female
U037,2024-05-30,HIIT,32,363,0,99,8983,9.8,2.4,80.6,26.4,Flexibility,30,Male
U038,2024-07-13,Weight Training,85,894,0,100,3229,9.5,2.5,86.9,34.2,Weight Loss,54,Female
U039,2024-01-27,Swimming,46,436,2.85,126,3569,4.5,1.7,105.2,39.3,Flexibility,56,Female
U040,2024-06-08,Swimming,64,349,6.71,134,13047,5.0,2.0,95.5,31.2,Weight Loss,18,Male
U041,2024-07-02,HIIT,51,428,0,98,17287,7.5,2.8,86.8,28.1,Flexibility,42,Female
U042,2024-07-06,Weight Training,22,114,0,103,13165,6.6,2.0,89.8,30.7,Endurance,50,Female
U043,2024-01-14,Swimming,38,309,4.65,148,7113,6.3,1.4,89.2,30.4,Endurance,42,Male
U044,2024-01-03,CrossFit,17,163,0,100,11635,9.2,3.0,66.5,18.7,Flexibility,50,Female
U045,2024-07-28,Swimming,48,253,5.76,146,5362,9.3,1.0,88.3,25.1,General Fitness,56,Male
U046,2024-02-26,Yoga,117,1207,0,152,6442,7.2,1.0,74.5,28.1,Weight Loss,40,Male
U047,2024-09-26,Swimming,44,263,2.85,112,7079,5.7,2.6,78.3,21.8,Muscle Gain,40,Female
U048,2024-02-22,Running,15,103,0.81,160,10781,6.7,3.4,63.7,17.5,Weight Loss,33,Female
U049,2024-09-28,Running,120,1316,15.29,114,12442,9.8,3.8,105.7,40.5,General Fitness,26,Male
U050,2024-01-15,Walking,52,302,6.24,136,18035,7.3,1.1,95.6,30.9,Muscle Gain,52,Male
U051,2024-09-18,Cycling,18,202,1.08,126,12794,5.5,1.2,70.0,20.4,Weight Loss,59,Female
U052,2024-09-18,Yoga,75,666,0,148,11431,8.4,2.9,83.0,31.6,General Fitness,57,Male
U053,2024-03-15,Running,64,419,5.4,161,2817,8.0,1.7,83.5,24.2,Weight Loss,32,Female
U054,2024-09-09,Yoga,45,483,0,141,2450,5.9,2.0,69.4,24.4,Endurance,55,Female
U055,2024-07-02,Running,84,866,5.77,90,15733,7.6,2.3,88.3,26.5,Muscle Gain,51,Female
U056,2024-01-23,Running,63,344,3.46,132,15774,6.8,1.7,95.4,33.1,Weight Loss,43,Female
U057,2024-01-11,Swimming,71,560,10.13,143,4264,5.8,3.7,53.5,18.7,General Fitness,35,Male
U058,2024-09-12,CrossFit,107,833,0,168,7266,7.8,3.5,67.7,24.3,Muscle Gain,38,Male
U059,2024-02-10,Yoga,101,635,0,108,10209,5.0,1.9,50.3,20.6,Flexibility,26,Female
U060,2024-10-26,Cycling,107,782,7.99,140,5539,6.0,2.0,77.5,21.7,Weight Loss,42,Male
U061,2024-04-19,CrossFit,87,927,0,91,7313,5.7,2.1,53.7,14.1,Muscle Gain,60,Male
U062,2024-03-12,HIIT,101,929,0,135,7940,9.6,3.5,69.3,22.2,General Fitness,42,Male
U063,2024-08-14,Running,50,257,6.64,167,16256,6.4,3.7,91.4,28.5,Muscle Gain,24,Female
U064,2024-03-02,Yoga,35,322,0,106,2866,5.8,2.2,82.5,23.9,Endurance,33,Male
U065,2024-04-20,Walking,63,581,6.14,90,14983,5.3,1.4,71.3,29.2,Weight Loss,32,Male
U066,2024-02-24,Running,53,462,7.62,135,2248,5.1,1.1,55.7,17.5,General Fitness,33,Male
U067,2024-10-24,Weight Training,62,578,0,152,17965,4.5,1.2,53.5,22.0,Endurance,45,Male
U068,2024-01-02,Walking,33,207,2.77,125,18129,4.4,3.2,71.2,22.2,Flexibility,55,Male
U069,2024-08-27,Weight Training,15,104,0,134,9117,4.8,1.7,107.7,32.9,Flexibility,52,Male
U070,2024-05-31,Yoga,57,435,0,146,11435,9.0,2.3,96.9,38.0,Endurance,30,Male
U071,2024-08-02,Cycling,100,815,9.99,143,16025,6.0,2.0,89.5,27.3,Weight Loss,26,Male
U072,2024-01-31,Swimming,85,476,10.2,131,17623,7.3,2.2,54.5,16.1,Muscle Gain,26,Male
U073,2024-06-20,Cycling,101,585,9.88,160,16476,4.1,2.9,78.7,26.6,Muscle Gain,26,Male
U074,2024-09-21,Weight Training,102,857,0,159,13656,7.5,1.2,58.3,16.5,Endurance,59,Female
U075,2024-05-05,Walking,43,489,2.51,126,6988,7.6,1.6,52.4,14.1,Flexibility,39,Male
U076,2024-07-13,Swimming,46,456,2.64,108,10508,6.6,2.8,87.6,24.5,General Fitness,31,Male
U077,2024-06-24,CrossFit,111,1304,0,123,5384,6.9,2.7,98.1,32.1,General Fitness,22,Female
U078,2024-06-29,Weight Training,82,490,0,102,5223,8.7,3.0,51.8,17.8,Muscle Gain,45,Female
U079,2024-06-25,Yoga,38,304,0,118,14084,4.4,1.4,61.0,22.1,Muscle Gain,33,Female
U080,2024-08-06,HIIT,101,782,0,139,17376,9.9,1.8,76.5,27.5,Muscle Gain,28,Female
U081,2024-10-23,Yoga,105,795,0,105,2710,5.8,2.9,68.9,18.4,Muscle Gain,54,Female
U082,2024-08-17,HIIT,64,559,0,132,5599,4.9,3.0,102.0,29.6,Flexibility,49,Male
U083,2024-03-11,Weight Training,109,788,0,92,16445,7.5,1.6,91.1,33.2,Weight Loss,26,Male
U084,2024-10-08,Yoga,70,775,0,137,2143,5.1,3.4,67.6,22.1,Weight Loss,36,Female
U085,2024-01-13,CrossFit,107,959,0,107,14241,4.7,2.6,91.9,37.2,Muscle Gain,32,Male
U086,2024-10-17,Cycling,52,424,6.14,108,9963,5.2,2.9,102.8,30.8,Endurance,38,Male
U087,2024-09-23,Walking,77,600,9.47,91,14957,5.2,2.9,90.3,25.3,Flexibility,30,Male
U088,2024-09-22,Cycling,23,274,3.18,109,2886,8.9,3.5,103.5,30.6,Endurance,50,Female
U089,2024-10-22,Swimming,64,686,8.15,159,8669,5.2,3.3,75.4,25.2,Flexibility,19,Male
U090,2024-05-26,Walking,78,785,8.88,116,14490,4.1,2.0,90.6,28.2,Flexibility,56,Male
U091,2024-02-17,Running,86,1023,12.19,125,3703,4.7,1.6,65.7,22.8,General Fitness,31,Female
U092,2024-09-28,Running,120,1148,16.68,90,4537,4.6,2.0,73.5,24.3,Weight Loss,52,Male
U093,2024-05-03,Weight Training,82,831,0,163,3170,5.7,2.9,53.7,21.7,Weight Loss,40,Female
U094,2024-09-01,Walking,80,590,9.5,132,8256,7.1,3.0,66.5,20.3,Endurance,47,Female
U095,2024-08-17,HIIT,79,422,0,95,2393,4.6,2.2,105.9,36.5,Weight Loss,49,Female
U096,2024-09-26,Yoga,19,107,0,167,3219,4.9,2.4,104.7,41.4,General Fitness,59,Male
U097,2024-08-04,CrossFit,104,594,0,101,5496,6.2,3.8,75.5,21.6,Weight Loss,23,Female
U098,2024-06-13,Walking,71,532,8.77,156,8617,8.0,1.5,53.9,15.0,Weight Loss,39,Male
U099,2024-07-08,HIIT,39,264,0,159,4194,7.5,2.3,76.4,29.5,Muscle Gain,41,Male
U100,2024-09-03,Weight Training,89,853,0,155,7344,5.7,2.2,89.6,35.5,Endurance,53,Male
U101,2024-04-13,Cycling,102,745,13.41,144,16016,7.3,2.8,62.5,17.8,Weight Loss,27,Female
U102,2024-04-23,Weight Training,35,395,0,149,7857,6.9,2.2,85.6,24.4,Endurance,38,Male
U103,2024-02-24,HIIT,118,1200,0,97,7393,5.9,3.6,72.2,25.9,Muscle Gain,18,Female
U104,2024-04-24,Weight Training,15,131,0,162,17463,4.8,3.2,50.5,16.8,General Fitness,28,Female
U105,2024-09-03,CrossFit,75,614,0,104,5960,9.3,2.5,58.4,22.8,General Fitness,42,Male
U106,2024-04-09,Running,114,1050,5.8,100,6798,4.4,3.5,93.0,33.7,Endurance,36,Female
U107,2024-08-06,Weight Training,101,1186,0,134,17840,9.1,3.1,76.8,25.4,Weight Loss,55,Female
U108,2024-07-12,Cycling,63,475,6.99,134,15066,6.4,2.4,67.8,21.1,General Fitness,33,Male
U109,2024-07-13,Yoga,114,782,0,92,14014,4.9,3.8,100.4,27.0,Endurance,30,Female
U110,2024-01-11,Weight Training,103,646,0,101,4488,8.6,1.7,87.4,36.1,Endurance,36,Female
U111,2024-06-17,Weight Training,68,363,0,104,12963,7.0,2.9,56.9,15.5,Weight Loss,24,Male
U112,2024-04-16,Cycling,65,647,9.16,143,2292,4.2,1.1,74.1,23.5,Endurance,47,Female
U113,2024-02-15,CrossFit,86,982,0,116,9230,5.9,2.5,92.8,32.4,General Fitness,29,Male
U114,2024-07-30,Yoga,88,688,0,162,4991,8.9,2.2,108.2,32.2,Flexibility,36,Male
U115,2024-03-13,Swimming,17,189,1.01,153,6545,8.9,2.2,71.9,20.7,Endurance,43,Female
U116,2024-03-13,Yoga,90,1018,0,153,6211,5.7,1.1,52.1,14.4,Weight Loss,52,Female
U117,2024-03-14,Running,26,185,3.24,92,12473,4.5,1.1,95.9,34.7,Flexibility,25,Female
U118,2024-04-12,Weight Training,108,583,0,115,9683,5.9,2.3,89.3,33.3,Weight Loss,23,Male
U119,2024-06-07,Running,107,563,5.91,166,9693,4.4,2.3,56.8,23.6,General Fitness,20,Male
U120,2024-01-26,Weight Training,57,563,0,125,4112,6.0,3.6,86.0,32.7,General Fitness,32,Male
U121,2024-01-13,Yoga,105,687,0,146,15669,6.5,1.7,75.0,28.6,General Fitness,23,Male
U122,2024-01-02,Swimming,101,954,10.3,134,11931,8.7,3.7,108.9,31.6,Endurance,32,Male
U123,2024-08-17,Cycling,19,225,2.24,117,10012,4.1,2.8,79.8,30.0,General Fitness,50,Female
U124,2024-07-01,Swimming,27,240,4.02,129,6585,8.0,2.8,78.5,26.7,Weight Loss,24,Female
U125,2024-10-04,CrossFit,69,576,0,102,18681,7.0,2.2,103.9,31.6,Muscle Gain,44,Male
U126,2024-03-23,Walking,84,729,9.78,135,2805,4.5,3.0,102.7,29.6,Flexibility,43,Male
U127,2024-02-13,Swimming,38,303,3.55,155,18871,4.1,3.1,61.7,18.9,Flexibility,38,Male
U128,2024-10-01,Swimming,85,970,9.37,158,2022,6.8,2.7,64.5,22.9,Weight Loss,26,Female
U129,2024-01-13,HIIT,94,783,0,149,6990,6.6,3.9,100.2,34.6,General Fitness,30,Female
U130,2024-09-04,Running,55,286,3.15,127,6089,8.6,1.3,106.8,36.7,General Fitness,55,Male
U131,2024-02-28,Cycling,120,716,17.49,135,14991,6.1,1.3,82.0,32.8,Endurance,51,Female
U132,2024-04-02,Running,22,244,1.89,95,2142,8.3,1.6,66.2,19.7,General Fitness,46,Female
U133,2024-02-22,HIIT,96,791,0,96,9632,7.9,3.3,85.4,35.2,Muscle Gain,39,Male
U134,2024-06-25,Cycling,97,829,12.96,94,18167,5.7,2.7,108.1,36.9,Muscle Gain,29,Male
U135,2024-09-12,Weight Training,39,306,0,116,5901,7.8,1.0,60.1,24.5,Muscle Gain,19,Male
U136,2024-08-28,Yoga,115,714,0,139,15876,4.8,3.1,84.5,29.4,Endurance,19,Female
U137,2024-09-10,CrossFit,115,1130,0,125,11996,6.3,3.0,85.9,23.5,Endurance,21,Female
U138,2024-07-13,CrossFit,115,742,0,128,10295,9.6,1.7,69.8,28.1,Flexibility,53,Female
U139,2024-06-29,HIIT,80,511,0,124,18602,5.2,1.9,94.5,35.1,General Fitness,45,Male
U140,2024-08-30,Walking,78,507,11.53,128,18960,5.9,1.5,101.6,28.9,Endurance,51,Female
U141,2024-05-08,Running,80,904,6.33,110,15386,8.6,2.8,63.1,17.8,Endurance,33,Female
U142,2024-03-30,HIIT,83,433,0,93,12013,5.9,1.2,109.7,44.9,General Fitness,35,Female
U143,2024-04-10,CrossFit,36,364,0,91,3675,6.7,1.8,105.1,30.6,General Fitness,20,Female
U144,2024-06-25,CrossFit,44,501,0,152,6649,9.1,2.8,66.2,19.0,Weight Loss,33,Male
U145,2024-06-02,Cycling,68,405,7.2,134,5602,6.1,3.0,91.3,28.0,Endurance,19,Male
U146,2024-04-29,Cycling,54,349,3.93,98,6563,9.5,2.8,96.3,28.9,Muscle Gain,49,Female
U147,2024-03-26,Weight Training,25,264,0,102,5659,4.9,3.0,84.6,30.7,Flexibility,40,Male
U148,2024-02-26,CrossFit,119,815,0,160,16225,9.0,2.1,61.0,18.5,Weight Loss,51,Female
U149,2024-08-08,CrossFit,43,374,0,160,13471,6.1,2.0,54.8,16.9,Weight Loss,56,Male
U150,2024-08-20,Weight Training,56,316,0,151,11975,6.1,2.1,95.3,35.5,Weight Loss,44,Male
U151,2024-03-12,CrossFit,38,334,0,103,15622,6.7,1.7,65.0,25.8,Weight Loss,60,Female
U152,2024-05-11,CrossFit,62,728,0,111,15939,5.5,1.3,95.2,39.0,General Fitness,25,Female
U153,2024-04-30,Walking,35,178,3.93,97,15890,7.4,1.3,99.9,36.9,General Fitness,56,Female
U154,2024-03-14,Cycling,70,714,10.09,129,12996,4.2,2.0,86.9,27.2,Muscle Gain,44,Female
U155,2024-09-28,Weight Training,101,1073,0,112,9055,5.7,1.7,96.5,26.2,Weight Loss,37,Female
U156,2024-03-15,Cycling,99,697,6.46,108,14101,7.6,1.7,67.9,27.6,General Fitness,29,Male
U157,2024-06-18,Cycling,46,312,4.47,137,16469,6.3,1.6,86.6,34.1,Endurance,55,Male
U158,2024-07-09,Yoga,95,647,0,100,19083,9.1,1.6,67.9,22.8,Muscle Gain,23,Male
U159,2024-08-27,Swimming,100,1186,9.84,105,5512,5.9,2.2,91.0,35.7,General Fitness,26,Female
U160,2024-02-12,HIIT,118,643,0,147,9000,9.1,2.5,100.5,38.9,Weight Loss,50,Female
U161,2024-06-13,Weight Training,119,1110,0,110,5209,7.6,1.7,84.0,33.6,Flexibility,31,Female
U162,2024-05-29,Walking,114,956,14.51,135,6486,7.4,3.0,79.2,26.6,Endurance,56,Male
U163,2024-07-12,HIIT,40,215,0,125,12413,4.3,3.4,60.7,23.6,General Fitness,33,Female
U164,2024-01-25,Running,42,428,3.4,134,3811,5.0,1.9,74.0,21.5,Muscle Gain,59,Male
U165,2024-02-05,Yoga,16,147,0,116,10950,6.4,3.1,90.8,32.6,General Fitness,27,Male
U166,2024-05-04,Walking,84,716,4.58,121,6330,6.7,1.2,102.3,36.4,Muscle Gain,35,Female
U167,2024-03-29,Running,27,238,1.78,90,5228,5.4,3.0,60.1,17.2,Weight Loss,53,Male
U168,2024-02-14,Cycling,111,1077,11.35,142,9283,6.5,1.0,82.2,24.8,Flexibility,33,Female
U169,2024-02-11,Running,74,758,8.08,129,17928,6.6,1.6,52.6,18.4,Endurance,24,Male
U170,2024-09-29,CrossFit,16,131,0,145,9911,5.6,2.1,97.7,28.0,General Fitness,38,Male
U171,2024-06-04,Swimming,42,344,4.32,100,5608,9.3,2.8,54.8,20.0,Endurance,34,Female
U172,2024-02-10,Walking,92,764,10.27,134,13089,6.3,1.3,61.2,20.7,Muscle Gain,46,Female
U173,2024-07-24,Cycling,103,1059,10.31,143,6632,9.1,1.7,71.3,28.1,Flexibility,46,Male
U174,2024-01-24,Running,62,467,4.39,102,8409,7.3,3.6,78.7,28.4,Muscle Gain,26,Male
U175,2024-04-14,Yoga,100,766,0,98,11893,5.8,2.2,72.9,23.9,Muscle Gain,18,Female
U176,2024-04-26,Cycling,24,255,2.2,102,11771,5.0,3.0,72.5,26.1,Weight Loss,56,Female
U177,2024-07-17,Walking,41,459,3.75,151,2891,9.1,2.2,72.6,19.3,General Fitness,50,Female
U178,2024-04-26,Running,42,320,4.45,119,2097,4.2,2.6,79.2,24.7,Flexibility,32,Male
U179,2024-04-24,HIIT,88,1040,0,108,5722,8.0,1.5,106.1,36.6,Endurance,22,Male
U180,2024-09-02,Yoga,21,160,0,108,5086,4.5,2.4,57.7,22.2,Weight Loss,51,Male
U181,2024-09-26,Running,26,227,2.46,164,15122,7.9,3.5,78.8,23.8,General Fitness,51,Female
U182,2024-02-26,CrossFit,51,462,0,147,3863,5.9,3.8,58.1,19.1,Endurance,52,Female
U183,2024-02-09,HIIT,68,509,0,102,19515,8.0,4.0,103.5,42.9,Flexibility,31,Female
U184,2024-04-01,Walking,46,260,4.18,102,7510,7.6,3.9,72.0,25.2,Flexibility,24,Female
U185,2024-10-24,Yoga,92,724,0,152,18617,4.4,2.7,103.5,33.4,General Fitness,21,Female
U186,2024-03-28,Swimming,104,554,13.14,91,18370,4.5,4.0,70.9,20.3,Weight Loss,42,Male
U187,2024-01-24,Weight Training,68,778,0,120,4519,6.8,3.6,69.8,22.0,Endurance,56,Male
U188,2024-06-23,Weight Training,75,728,0,166,13706,8.5,2.1,96.6,31.5,Flexibility,33,Male
U189,2024-08-12,Swimming,76,832,11.39,117,7050,4.9,2.0,107.7,37.9,Endurance,22,Male
U190,2024-02-24,HIIT,86,960,0,98,10325,9.0,3.6,103.9,28.4,Muscle Gain,30,Female
U191,2024-05-08,Running,30,296,2.69,163,10556,6.1,1.3,62.5,18.1,Endurance,32,Male
U192,2024-06-21,HIIT,64,417,0,96,9941,4.1,3.3,78.2,26.7,General Fitness,20,Female
U193,2024-03-31,Yoga,61,681,0,164,19641,6.8,2.9,104.9,42.9,Weight Loss,47,Female
U194,2024-08-28,Weight Training,57,544,0,101,15714,6.4,1.2,102.6,38.3,Muscle Gain,45,Female
U195,2024-03-28,Running,76,748,4.72,118,11625,9.8,3.1,60.8,23.7,Muscle Gain,35,Male
U196,2024-02-18,Weight Training,118,1258,0,142,10048,5.1,1.7,68.8,18.8,General Fitness,24,Female
U197,2024-05-05,Yoga,49,302,0,160,10871,4.9,4.0,51.8,15.5,Endurance,18,Female
U198,2024-08-01,CrossFit,67,499,0,101,5867,8.0,2.5,89.4,23.7,Endurance,18,Female
U199,2024-03-09,Cycling,54,457,3.74,159,4128,9.4,2.4,69.2,19.5,Endurance,38,Male
U200,2024-04-02,Running,80,909,5.43,99,4313,4.2,1.6,73.0,22.6,General Fitness,55,Male
U001,2024-03-26,Running,96,1122,7.12,138,14504,6.6,3.0,109.9,34.3,General Fitness,40,Male
U002,2024-04-08,Weight Training,83,637,0,162,10193,4.6,1.2,99.4,28.6,General Fitness,19,Male
U003,2024-04-06,Yoga,31,215,0,170,6875,5.8,2.1,90.4,29.4,Endurance,44,Male
U004,2024-02-22,Weight Training,118,837,0,156,19655,7.6,3.9,65.4,21.6,General Fitness,42,Female
U005,2024-07-15,Yoga,108,568,0,145,13861,8.9,1.5,64.9,20.6,General Fitness,26,Female
U006,2024-10-13,HIIT,17,138,0,116,13141,8.9,1.1,101.7,39.0,General Fitness,57,Female
U007,2024-05-25,Yoga,76,828,0,91,10150,7.4,3.4,86.3,23.1,Endurance,31,Female
U008,2024-06-23,Cycling,75,587,4.09,148,6082,8.8,2.6,50.3,14.6,Endurance,26,Female
U009,2024-10-02,Weight Training,50,595,0,168,15171,8.0,2.5,76.0,25.4,General Fitness,55,Female
U010,2024-08-09,CrossFit,17,133,0,103,16993,8.2,3.6,51.3,14.3,General Fitness,21,Male
U011,2024-08-17,Yoga,94,759,0,100,4647,4.2,3.3,97.9,35.8,Weight Loss,39,Female
U012,2024-01-11,CrossFit,60,475,0,131,2001,7.9,1.2,93.7,31.7,Weight Loss,42,Female
U013,2024-08-10,Yoga,48,429,0,113,8698,5.7,1.6,107.9,33.5,General Fitness,51,Female
U014,2024-06-24,Running,50,363,7.05,132,15400,6.5,3.1,97.5,36.2,Endurance,20,Male
U015,2024-08-16,Yoga,37,391,0,145,4362,6.8,3.1,85.3,23.4,Weight Loss,37,Male
U016,2024-07-11,Swimming,57,307,7.76,120,19659,5.9,3.1,79.4,23.3,Endurance,50,Male
U017,2024-07-16,Walking,112,1152,11.39,126,10011,8.6,2.2,83.6,33.9,Muscle Gain,38,Female
U018,2024-07-12,Weight Training,17,170,0,100,2712,8.6,3.6,58.5,18.7,General Fitness,39,Male
U019,2024-09-25,Weight Training,15,154,0,154,14087,4.9,3.6,92.5,30.8,Flexibility,48,Male
U020,2024-05-24,Weight Training,64,466,0,108,3691,9.7,3.2,62.9,22.5,Muscle Gain,58,Female
U021,2024-07-08,Walking,80,837,7.02,121,9622,4.6,1.2,107.8,40.6,Flexibility,44,Male
U022,2024-07-01,CrossFit,106,1154,0,96,16696,9.3,3.5,103.2,37.0,Flexibility,47,Female
U023,2024-10-10,Swimming,101,797,6.42,121,14858,6.7,1.9,52.5,16.3,General Fitness,49,Female
U024,2024-06-20,Yoga,115,974,0,137,10933,8.1,3.0,106.5,29.9,Muscle Gain,55,Female
U025,2024-10-12,Weight Training,72,737,0,122,2901,9.8,3.4,78.6,26.1,Flexibility,36,Male
U026,2024-06-01,Yoga,34,175,0,151,15803,6.8,1.2,85.8,30.0,Weight Loss,22,Female
U027,2024-10-19,CrossFit,113,729,0,116,3946,7.7,1.2,51.9,15.4,Endurance,20,Female
U028,2024-06-19,HIIT,65,487,0,154,6915,5.5,1.9,65.8,24.2,Flexibility,41,Male
U029,2024-01-07,HIIT,38,433,0,106,15487,6.6,1.1,91.0,24.8,Weight Loss,34,Female
U030,2024-02-10,Running,88,893,5.02,121,12081,7.5,3.3,71.7,24.3,General Fitness,56,Female
U031,2024-07-24,HIIT,25,140,0,103,12429,7.0,3.2,76.9,20.8,Flexibility,22,Female
U032,2024-05-23,Yoga,75,610,0,101,18735,7.9,2.9,80.7,24.4,Flexibility,55,Female
U033,2024-03-09,Walking,100,955,12.82,139,19942,9.3,3.1,50.9,17.6,Endurance,43,Female
U034,2024-04-02,HIIT,17,147,0,169,4221,5.7,1.5,64.0,23.7,General Fitness,29,Female
U035,2024-01-29,Walking,51,560,4.16,151,9928,7.7,2.3,104.9,42.2,Endurance,22,Male
U036,2024-05-09,Cycling,83,640,4.42,152,12077,6.7,1.7,83.1,23.4,Flexibility,50,Female
U037,2024-03-26,Swimming,48,392,6.55,106,2087,5.1,2.8,66.9,27.6,Muscle Gain,50,Female
U038,2024-02-18,Weight Training,60,716,0,158,15313,6.5,3.8,101.9,33.6,Muscle Gain,23,Male
U039,2024-08-02,HIIT,24,204,0,114,2283,4.8,2.5,61.7,16.9,Endurance,52,Male
U040,2024-06-16,HIIT,41,477,0,157,19628,6.2,1.5,57.1,18.2,Endurance,57,Male
U041,2024-09-22,Yoga,105,1176,0,99,7597,9.8,2.7,72.5,25.3,Weight Loss,42,Female
U042,2024-10-19,HIIT,112,1046,0,117,19630,5.2,3.6,85.3,30.4,Weight Loss,53,Male
U043,2024-06-08,Running,40,468,2.26,123,14621,5.1,1.4,86.4,24.5,Muscle Gain,24,Female
U044,2024-05-31,CrossFit,110,1197,0,96,5329,5.0,2.5,59.3,16.2,Weight Loss,23,Female
U045,2024-04-07,Walking,26,165,1.52,135,13876,5.2,1.2,53.8,20.0,Weight Loss,37,Female
U046,2024-06-04,Running,72,582,4.23,102,3554,7.7,3.7,74.4,23.1,Endurance,38,Female
U047,2024-04-04,Walking,109,1185,10.16,129,12667,9.9,1.9,97.0,28.4,General Fitness,55,Male
U048,2024-02-22,Swimming,67,775,9.1,166,10745,6.0,1.2,68.4,27.3,Weight Loss,44,Male
U049,2024-03-08,Walking,97,743,10.82,92,3929,9.4,3.7,101.0,29.8,Muscle Gain,60,Female
U050,2024-09-12,Swimming,117,1191,10.58,108,15677,8.9,3.8,59.1,23.6,Endurance,58,Female
U051,2024-10-20,Swimming,98,1026,13.09,162,14499,9.7,1.1,61.6,22.4,Weight Loss,18,Male
U052,2024-04-13,HIIT,87,575,0,135,18130,4.8,1.4,87.6,35.6,Muscle Gain,27,Male
U053,2024-08-25,Running,97,933,13.7,124,13128,7.7,3.2,65.2,24.6,Weight Loss,27,Female
U054,2024-03-16,Cycling,52,381,7.29,95,12852,8.1,2.5,105.5,32.3,General Fitness,43,Male
U055,2024-05-14,Walking,20,140,1.06,113,10590,4.1,3.3,100.8,27.8,Flexibility,43,Female
U056,2024-05-12,Running,106,960,8.03,100,18471,9.8,2.8,69.8,24.0,Muscle Gain,20,Male
U057,2024-07-14,Walking,57,535,4.87,107,9227,7.1,2.5,80.5,26.2,Endurance,45,Male
U058,2024-02-20,Cycling,41,316,5.98,143,6193,9.3,1.4,85.5,23.6,Muscle Gain,53,Female
U059,2024-06-17,Running,50,418,5.45,147,4609,8.5,2.8,62.9,26.0,Weight Loss,34,Female
U060,2024-10-15,Weight Training,86,531,0,162,11497,5.8,2.8,95.2,34.8,Weight Loss,41,Male
U061,2024-01-29,Yoga,71,418,0,120,13744,9.3,3.9,74.5,27.8,General Fitness,39,Male
U062,2024-07-30,Swimming,99,1000,9.83,161,10383,9.2,3.3,74.2,22.9,Endurance,42,Male
U063,2024-01-01,Swimming,62,646,8.92,158,8080,9.2,1.5,104.4,30.9,Weight Loss,51,Male
U064,2024-08-04,Swimming,46,350,2.49,155,18850,6.1,2.6,67.9,18.3,Flexibility,44,Female
U065,2024-10-21,Running,93,1082,7.24,160,9169,6.9,1.8,66.8,23.7,Flexibility,39,Male
U066,2024-03-22,Cycling,44,330,3.08,151,12563,9.4,3.1,92.5,28.9,General Fitness,57,Female
U067,2024-07-16,Yoga,83,826,0,125,4850,9.8,1.2,88.2,23.5,Muscle Gain,45,Female
U068,2024-06-11,HIIT,112,654,0,105,18155,6.5,2.0,66.1,22.5,Weight Loss,40,Female
U069,2024-01-26,Yoga,29,269,0,146,19346,7.6,1.7,93.4,25.5,General Fitness,31,Female
U070,2024-03-20,Swimming,22,238,1.97,114,3233,4.5,3.2,84.5,25.8,Muscle Gain,35,Male
U071,2024-01-25,Swimming,82,571,8.54,117,12004,8.6,2.8,78.8,26.8,General Fitness,58,Female
U072,2024-01-03,Walking,98,966,14.26,154,3100,5.6,3.4,61.8,22.2,Weight Loss,39,Male
U073,2024-05-13,CrossFit,110,736,0,157,15078,6.4,3.2,56.3,19.8,Endurance,44,Male
U074,2024-07-25,HIIT,46,418,0,140,3340,7.7,2.3,101.3,27.4,Muscle Gain,49,Male
U075,2024-06-27,Running,95,696,6.71,128,4063,4.6,3.1,92.6,26.2,Flexibility,46,Male
U076,2024-04-21,HIIT,109,577,0,100,13711,9.8,3.2,101.0,30.8,General Fitness,33,Male
U077,2024-04-21,CrossFit,73,538,0,130,19990,4.8,3.7,73.2,24.8,General Fitness,41,Female
U078,2024-09-03,CrossFit,97,832,0,126,14957,4.0,2.7,96.6,39.7,Endurance,23,Male
U079,2024-04-15,Cycling,73,611,6.35,109,11087,5.8,3.4,86.2,33.0,Weight Loss,45,Female
U080,2024-07-13,Swimming,81,835,10.21,156,13021,8.0,2.4,76.4,25.7,Endurance,55,Male
U081,2024-08-09,CrossFit,17,128,0,128,10628,7.9,3.1,88.3,31.6,General Fitness,48,Female
U082,2024-01-28,Cycling,58,639,7.54,112,6615,8.4,3.5,65.9,20.5,Flexibility,43,Male
U083,2024-06-19,Yoga,29,215,0,136,17198,6.8,4.0,89.8,35.3,Endurance,47,Female
U084,2024-09-04,Weight Training,113,792,0,123,9877,8.0,3.5,89.6,26.8,Muscle Gain,29,Female
U085,2024-09-06,HIIT,74,868,0,133,15149,5.5,1.7,66.2,17.7,Endurance,24,Female
U086,2024-06-27,HIIT,98,746,0,117,12291,4.9,3.6,82.2,21.9,General Fitness,19,Female
U087,2024-09-28,CrossFit,110,1010,0,152,13866,9.6,1.3,74.5,30.3,Endurance,58,Male
U088,2024-08-15,Weight Training,67,413,0,117,11894,6.7,1.9,77.9,28.6,Weight Loss,34,Female
U089,2024-01-22,CrossFit,107,1141,0,121,11530,4.7,2.0,69.2,24.3,General Fitness,31,Female
U090,2024-01-10,Yoga,62,619,0,141,3215,4.7,1.1,86.5,29.7,Weight Loss,47,Female
U091,2024-01-18,Running,99,1081,12.45,146,3155,9.6,2.4,97.4,35.4,Flexibility,52,Female
U092,2024-10-08,Swimming,82,589,9.68,140,7114,4.7,3.4,84.7,24.4,General Fitness,45,Female
U093,2024-09-26,Walking,101,681,15.13,144,17951,10.0,2.1,90.4,31.6,General Fitness,44,Male
U094,2024-06-25,CrossFit,22,179,0,107,19497,7.2,1.8,55.1,20.6,Weight Loss,30,Male
U095,2024-04-25,Cycling,49,310,5.41,129,7405,7.0,1.9,86.9,29.3,Endurance,48,Female
U096,2024-01-06,CrossFit,113,1213,0,98,10782,7.1,1.1,92.2,25.8,Weight Loss,47,Male
U097,2024-04-02,HIIT,114,1071,0,136,7025,6.3,1.1,60.4,16.9,Flexibility,33,Female
U098,2024-10-25,Yoga,105,1097,0,98,6636,9.3,3.6,81.4,27.5,Weight Loss,23,Male
U099,2024-10-26,Swimming,40,423,2.66,123,7452,5.9,1.5,72.7,19.7,Flexibility,59,Male
U100,2024-05-19,HIIT,118,1101,0,129,14920,9.9,3.3,77.1,28.1,Flexibility,41,Male
U101,2024-06-24,Swimming,62,607,5.07,126,4503,4.7,1.3,96.3,31.0,Weight Loss,31,Female
U102,2024-02-21,CrossFit,39,334,0,92,13079,4.9,1.6,99.5,30.5,General Fitness,31,Female
U103,2024-02-08,Walking,80,568,4.8,125,18274,9.6,1.8,90.2,34.5,Endurance,60,Male
U104,2024-01-06,Weight Training,46,334,0,97,5193,4.7,2.3,82.5,22.5,Muscle Gain,18,Female
U105,2024-10-05,Walking,52,430,5.11,163,2346,9.9,3.0,79.0,31.1,Muscle Gain,47,Female
U106,2024-09-12,Swimming,109,1005,5.48,143,17819,8.1,1.2,75.0,20.1,Muscle Gain,20,Female
U107,2024-03-23,Walking,86,459,6.88,154,14777,8.9,1.7,63.6,18.0,Flexibility,37,Female
U108,2024-01-11,Walking,47,437,4.55,103,4730,6.4,2.0,104.4,30.5,Flexibility,34,Male
U109,2024-08-18,CrossFit,97,495,0,128,6282,6.0,3.0,56.9,15.2,Weight Loss,25,Male
U110,2024-08-24,HIIT,86,775,0,114,15012,10.0,1.4,73.5,19.7,Endurance,29,Male
U111,2024-01-02,HIIT,46,251,0,121,15040,8.4,3.3,70.5,26.9,Muscle Gain,29,Male
U112,2024-04-28,Walking,88,892,11.06,160,18713,6.7,3.4,80.9,31.3,Muscle Gain,41,Male
U113,2024-02-13,Yoga,39,381,0,169,4709,4.0,2.1,64.4,18.4,Flexibility,37,Female
U114,2024-02-15,Yoga,63,568,0,134,6001,4.2,1.5,54.9,22.3,Muscle Gain,52,Male
U115,2024-04-22,Weight Training,26,233,0,137,18817,9.7,2.7,78.9,24.9,Endurance,56,Female
U116,2024-10-20,Cycling,78,897,4.54,152,2879,5.2,2.0,80.0,21.9,Endurance,22,Male
U117,2024-10-11,Yoga,104,798,0,132,5054,9.8,1.8,98.5,28.6,General Fitness,38,Male
U118,2024-08-11,Weight Training,72,554,0,123,5778,8.5,2.4,100.0,33.3,Weight Loss,18,Female
U119,2024-08-29,Yoga,43,308,0,165,16910,8.1,3.0,64.0,25.6,Muscle Gain,20,Male
U120,2024-06-23,Weight Training,37,253,0,143,16784,6.0,3.3,80.0,21.2,Weight Loss,18,Female
U121,2024-02-29,Yoga,83,913,0,165,11944,8.2,3.9,93.5,34.9,General Fitness,23,Female
U122,2024-07-03,Walking,17,186,2.29,110,17848,4.3,2.8,100.9,27.8,General Fitness,37,Female
U123,2024-06-28,Walking,30,172,1.65,163,17488,6.4,3.6,71.7,21.7,Flexibility,39,Female
U124,2024-01-13,Swimming,80,716,7.65,111,14694,8.1,1.6,80.4,29.3,Muscle Gain,55,Male
U125,2024-04-03,Yoga,102,781,0,134,15659,4.1,2.3,93.4,27.5,Flexibility,22,Male
U126,2024-01-21,Swimming,67,701,6.54,169,16511,9.3,3.7,76.3,26.4,Muscle Gain,54,Female
U127,2024-05-02,Swimming,63,413,6.1,113,16550,4.4,3.4,53.3,17.9,Endurance,25,Male
U128,2024-04-28,Walking,37,233,4.78,142,19682,9.8,3.0,60.1,22.6,Muscle Gain,33,Male
U129,2024-07-12,Swimming,42,391,6.0,122,11172,6.3,3.4,98.9,27.2,General Fitness,34,Male
U130,2024-06-05,Running,66,612,7.62,114,13174,6.6,3.6,69.4,26.9,Weight Loss,26,Female
U131,2024-10-11,Weight Training,76,760,0,96,3081,8.7,3.6,65.9,21.2,Endurance,36,Female
U132,2024-03-14,HIIT,46,264,0,164,19048,8.7,1.8,71.7,19.1,General Fitness,18,Female
U133,2024-08-05,Weight Training,71,558,0,128,6325,6.2,3.4,78.8,22.0,General Fitness,51,Female
U134,2024-02-17,Walking,18,175,0.98,165,6261,5.0,1.7,54.5,18.0,General Fitness,38,Female
U135,2024-09-22,Walking,41,478,5.23,106,19692,8.9,2.7,96.6,37.1,Flexibility,30,Male
U136,2024-10-22,Yoga,117,713,0,129,13871,8.8,1.5,99.0,32.7,Flexibility,37,Female
U137,2024-01-22,Cycling,69,349,4.79,113,19757,7.3,1.0,50.3,17.8,Muscle Gain,51,Female
U138,2024-02-12,Yoga,58,568,0,109,2694,4.9,1.5,92.2,26.9,Flexibility,41,Female
U139,2024-05-17,HIIT,49,267,0,125,19361,7.0,1.4,101.9,41.0,Flexibility,44,Male
U140,2024-05-21,CrossFit,55,525,0,92,5200,6.1,2.2,90.8,30.4,Muscle Gain,21,Male
U141,2024-10-20,Walking,22,184,3.1,133,11579,8.4,3.8,98.3,37.0,Endurance,50,Female
U142,2024-03-19,Swimming,45,441,3.22,158,2342,6.6,3.4,101.9,35.9,Muscle Gain,26,Female
U143,2024-07-05,CrossFit,24,165,0,158,13214,7.0,1.3,88.1,36.5,Weight Loss,24,Female
U144,2024-03-02,CrossFit,92,1091,0,151,6333,4.2,1.4,54.4,21.2,General Fitness,27,Female
U145,2024-09-01,Swimming,45,296,2.92,162,16744,9.1,3.5,84.5,23.6,General Fitness,39,Male
U146,2024-08-15,Cycling,58,507,8.34,137,12574,8.9,1.2,100.5,28.7,Weight Loss,36,Male
U147,2024-04-03,Running,115,950,15.3,148,11919,8.2,1.3,97.5,34.8,Endurance,53,Female
U148,2024-02-05,Weight Training,89,701,0,139,6269,6.1,1.2,105.5,39.0,Muscle Gain,37,Female
U149,2024-06-05,CrossFit,45,464,0,145,17108,6.9,3.6,65.5,24.8,Muscle Gain,58,Female
U150,2024-06-21,Yoga,94,1060,0,156,18233,5.0,3.9,72.6,24.0,Flexibility,37,Male
U151,2024-08-29,Running,35,325,3.75,118,10854,9.6,2.9,88.4,34.5,General Fitness,44,Male
U152,2024-05-27,Running,107,572,8.42,166,4156,6.5,2.1,63.7,21.6,Muscle Gain,43,Female
U153,2024-05-17,Swimming,31,234,3.39,94,9235,6.5,2.8,53.2,15.5,Weight Loss,24,Female
U154,2024-09-08,Swimming,74,495,10.69,104,17077,5.1,1.5,68.6,27.6,Endurance,44,Male
U155,2024-08-17,Running,96,524,7.35,168,9299,5.3,2.0,81.6,24.0,Endurance,28,Male
U156,2024-02-12,Weight Training,116,1361,0,131,15672,8.1,3.7,78.9,26.0,Endurance,33,Male
U157,2024-04-13,Swimming,36,288,5.09,128,17236,8.4,1.7,69.5,28.3,Muscle Gain,56,Male
U158,2024-08-19,Running,105,1238,5.83,128,16853,6.4,3.6,88.7,31.8,General Fitness,49,Male
U159,2024-03-14,HIIT,55,375,0,96,11310,5.1,1.7,74.0,24.2,Weight Loss,45,Female
U160,2024-10-27,HIIT,118,1302,0,163,9360,7.7,1.9,63.9,20.2,Weight Loss,35,Female
U161,2024-04-23,Weight Training,109,1138,0,165,8003,8.7,3.1,60.5,20.0,Endurance,47,Male
U162,2024-06-23,Weight Training,120,1270,0,155,5231,9.4,1.7,106.1,39.3,Muscle Gain,58,Male
U163,2024-10-18,Running,38,452,3.51,102,7856,4.9,3.3,106.0,43.6,General Fitness,41,Male
U164,2024-03-08,CrossFit,35,188,0,119,13365,4.3,3.7,74.0,28.9,Endurance,24,Male
U165,2024-05-16,CrossFit,105,590,0,135,12625,7.2,2.5,98.2,26.3,Weight Loss,35,Male
U166,2024-07-09,Swimming,97,1040,11.4,133,14886,5.8,1.2,87.2,30.2,Weight Loss,26,Female
U167,2024-06-25,Weight Training,80,848,0,94,17935,8.6,1.2,55.5,20.4,Weight Loss,40,Male
U168,2024-09-11,Yoga,93,1090,0,98,17415,4.7,3.1,101.5,36.2,Weight Loss,43,Female
U169,2024-03-02,Weight Training,37,433,0,170,6307,9.9,2.2,51.0,14.7,Flexibility,26,Male
U170,2024-06-09,HIIT,106,850,0,130,6306,4.1,3.3,77.5,20.9,Weight Loss,36,Male
U171,2024-06-05,Running,55,508,6.38,154,13747,8.0,2.3,76.7,21.2,Muscle Gain,31,Female
U172,2024-02-19,Running,79,418,10.0,94,5581,4.3,3.7,95.9,32.5,Weight Loss,31,Male
U173,2024-07-19,CrossFit,80,693,0,161,5216,7.2,1.6,66.9,17.8,Weight Loss,42,Male
U174,2024-01-24,Cycling,67,788,6.52,158,13544,4.5,3.5,71.2,24.1,Endurance,58,Male
U175,2024-03-20,Walking,57,681,7.17,158,7253,6.3,1.5,52.1,17.2,Flexibility,28,Male
U176,2024-08-26,Cycling,101,977,13.78,147,7057,7.8,2.4,71.1,25.7,General Fitness,32,Male
U177,2024-10-18,Weight Training,21,217,0,167,16530,9.7,2.6,85.9,26.5,Endurance,24,Female
U178,2024-01-19,HIIT,51,471,0,116,15489,6.8,1.2,73.3,26.7,Flexibility,42,Female
U179,2024-08-08,CrossFit,62,339,0,161,13063,8.6,3.7,55.0,19.7,Weight Loss,40,Female
U180,2024-03-16,Walking,41,491,3.07,101,18507,4.3,2.9,76.3,23.9,Weight Loss,20,Male
U181,2024-09-01,HIIT,82,889,0,134,16041,6.0,3.4,64.4,21.3,Flexibility,33,Male
U182,2024-05-24,Weight Training,27,206,0,161,17762,4.6,3.3,100.4,39.6,General Fitness,48,Male
U183,2024-06-24,Running,28,168,3.26,107,14286,9.7,1.9,69.3,21.1,Endurance,55,Male
U184,2024-06-07,Running,100,894,14.18,116,18252,6.4,2.4,81.2,26.8,Flexibility,24,Female
U185,2024-02-10,Weight Training,16,102,0,126,10150,7.2,3.3,53.6,22.0,Endurance,32,Female
U186,2024-10-16,Swimming,93,664,13.36,92,18112,8.1,3.1,56.4,14.9,Flexibility,38,Female
U187,2024-06-21,Walking,111,856,11.23,153,8378,6.2,2.6,97.9,37.6,Muscle Gain,46,Female
U188,2024-08-27,Walking,22,110,1.38,94,6248,5.3,3.9,52.3,18.0,Flexibility,24,Male
U189,2024-09-16,HIIT,25,240,0,156,3424,9.0,1.3,81.0,25.0,Weight Loss,39,Male
U190,2024-05-21,Walking,66,529,7.98,104,7888,5.3,1.4,81.6,29.3,Flexibility,58,Male
U191,2024-05-24,Walking,117,743,6.82,107,17520,6.3,2.0,83.1,23.6,Endurance,37,Male
U192,2024-05-05,Running,33,201,4.87,161,6888,5.5,2.6,73.6,21.7,Flexibility,33,Female
U193,2024-10-27,Cycling,53,401,3.85,99,5600,9.5,1.1,59.1,17.8,Weight Loss,34,Male
U194,2024-09-13,Weight Training,100,901,0,90,14557,4.5,1.8,105.8,30.4,General Fitness,25,Male
U195,2024-04-18,Swimming,108,778,15.64,166,6686,9.3,3.2,74.6,23.8,Endurance,22,Male
U196,2024-10-14,Weight Training,48,266,0,101,8488,8.5,2.5,56.7,15.8,Weight Loss,37,Male
U197,2024-06-07,HIIT,25,247,0,119,7130,5.9,1.3,102.4,31.0,Endurance,46,Male
U198,2024-09-14,HIIT,68,340,0,125,3565,8.8,3.7,77.2,27.7,Flexibility,51,Male
U199,2024-06-16,Cycling,17,108,1.3,135,14770,5.6,2.4,106.8,41.2,Flexibility,56,Female
U200,2024-09-25,Running,73,735,3.85,117,16736,5.6,2.9,84.8,23.0,Flexibility,18,Male
U001,2024-07-26,Weight Training,92,528,0,119,14883,8.5,4.0,67.3,25.5,Endurance,22,Male
U002,2024-09-07,Walking,17,111,1.58,147,13488,5.4,1.2,88.8,36.1,Flexibility,33,Male
U003,2024-01-20,Running,25,129,2.58,141,12888,5.8,3.4,59.9,22.3,Flexibility,36,Male
U004,2024-10-25,Running,50,404,7.25,141,17200,7.6,3.6,72.7,22.3,General Fitness,55,Female
U005,2024-08-21,Yoga,81,444,0,91,10075,6.4,1.3,109.3,29.7,Flexibility,18,Male
U006,2024-01-19,CrossFit,77,896,0,118,17744,5.9,3.7,85.7,24.4,Flexibility,51,Male
U007,2024-05-17,Cycling,24,194,2.58,144,3706,10.0,1.8,51.4,14.0,Endurance,36,Male
U008,2024-10-16,HIIT,57,623,0,144,16671,5.7,1.7,89.9,29.1,Flexibility,39,Female
U009,2024-01-29,Swimming,44,394,2.68,93,8917,8.4,2.1,104.4,28.9,Endurance,57,Male
U010,2024-02-23,Walking,95,743,8.06,139,5659,9.7,2.8,88.9,29.6,Flexibility,31,Female
U011,2024-06-27,Walking,103,1173,7.96,153,6988,9.6,1.6,94.8,30.1,General Fitness,42,Female
U012,2024-05-03,Weight Training,94,570,0,151,14714,7.3,3.0,65.6,26.2,Endurance,54,Male
U013,2024-04-27,Cycling,112,937,12.42,146,3093,6.6,2.1,83.6,33.0,Endurance,47,Male
U014,2024-07-08,Cycling,106,620,6.74,93,14884,8.2,2.8,86.7,23.4,Endurance,43,Female
U015,2024-06-16,Walking,41,440,4.24,166,16675,4.1,3.8,89.8,27.7,Endurance,49,Male
U016,2024-07-21,Weight Training,91,911,0,122,6335,6.9,3.5,55.9,17.9,Flexibility,55,Male
U017,2024-01-25,HIIT,56,329,0,97,12789,4.1,3.8,73.4,29.7,Weight Loss,25,Male
U018,2024-09-20,Cycling,119,867,6.83,99,17062,5.2,1.8,65.1,18.8,Weight Loss,26,Male
U019,2024-07-11,Weight Training,15,79,0,161,18777,4.8,3.3,81.9,29.3,General Fitness,57,Male
U020,2024-08-26,Walking,76,448,8.92,117,4410,4.4,3.0,81.8,26.8,Muscle Gain,58,Female
U021,2024-03-12,HIIT,55,553,0,98,6538,4.8,1.2,109.5,35.0,Weight Loss,44,Male
U022,2024-04-24,Cycling,82,827,7.36,126,5983,6.9,1.2,87.8,23.3,Weight Loss,27,Male
U023,2024-02-03,Walking,48,496,5.71,145,9822,6.5,1.6,104.8,32.6,Flexibility,47,Female
U024,2024-04-01,Yoga,16,173,0,108,9383,8.7,3.0,92.8,27.3,Endurance,26,Male
U025,2024-03-25,Walking,118,965,7.1,138,9877,6.8,1.8,100.7,31.9,Muscle Gain,38,Male
U026,2024-10-04,Walking,112,761,8.97,156,11123,8.6,1.7,105.3,32.4,Flexibility,50,Male
U027,2024-10-14,Cycling,24,171,3.53,118,3518,6.6,1.1,92.5,38.0,Flexibility,48,Male
U028,2024-09-03,HIIT,55,545,0,166,3828,8.6,3.7,91.9,35.2,General Fitness,48,Male
U029,2024-04-01,Swimming,60,542,7.13,92,10730,9.7,3.9,78.1,30.6,Flexibility,43,Male
U030,2024-10-17,Weight Training,33,208,0,155,11730,4.4,3.4,60.5,21.5,Flexibility,47,Male
U031,2024-10-15,CrossFit,116,1043,0,167,13763,9.9,3.6,69.0,24.2,Muscle Gain,34,Female
U032,2024-04-21,Yoga,102,570,0,98,17711,8.1,4.0,107.8,35.9,General Fitness,45,Male
U033,2024-03-23,HIIT,65,760,0,149,16125,4.6,1.5,106.9,38.5,Muscle Gain,31,Male
U034,2024-05-09,Running,84,445,7.54,121,3050,8.5,2.5,58.8,15.7,General Fitness,26,Female
U035,2024-08-13,Weight Training,36,381,0,95,17456,8.1,2.6,62.2,23.7,Muscle Gain,45,Female
U036,2024-10-08,Yoga,84,625,0,113,2087,6.8,1.0,87.0,24.4,Endurance,26,Female
U037,2024-06-16,Yoga,101,554,0,110,18058,7.7,2.3,103.3,31.8,Weight Loss,28,Female
U038,2024-06-04,HIIT,57,321,0,92,2600,9.7,3.7,51.9,20.4,General Fitness,34,Male
U039,2024-06-13,Swimming,69,768,4.89,96,2421,5.3,1.0,77.1,30.1,Weight Loss,27,Male
U040,2024-08-10,Running,105,1189,12.28,108,10999,5.2,2.4,98.4,31.1,General Fitness,27,Male
U041,2024-01-05,Cycling,68,677,4.9,144,15968,7.7,3.5,78.3,23.6,Muscle Gain,31,Male
U042,2024-08-25,Yoga,62,430,0,122,4106,9.7,2.2,76.2,27.8,Weight Loss,19,Female
U043,2024-03-14,Yoga,115,1166,0,160,2900,4.6,3.2,55.7,19.0,General Fitness,44,Male
U044,2024-10-20,Running,90,531,5.36,135,2198,5.9,1.1,86.6,24.7,Flexibility,24,Male
U045,2024-10-09,Cycling,57,618,6.89,137,7236,8.2,3.1,58.0,16.6,Weight Loss,38,Male
U046,2024-06-05,CrossFit,97,787,0,128,9700,6.1,1.8,53.4,15.9,Flexibility,43,Male
U047,2024-03-22,HIIT,110,1220,0,115,13931,4.3,1.3,56.9,20.1,Endurance,38,Female
U048,2024-10-27,Swimming,74,600,7.72,158,7805,6.4,1.7,109.0,39.5,Weight Loss,33,Male
U049,2024-08-09,Yoga,60,636,0,158,18629,4.0,3.3,78.3,22.0,Weight Loss,37,Male
U050,2024-06-29,Swimming,92,1098,6.63,132,11667,8.0,2.1,102.8,41.8,General Fitness,44,Female
U051,2024-10-07,HIIT,71,601,0,167,4892,4.6,1.6,77.0,24.1,Muscle Gain,19,Female
U052,2024-07-18,HIIT,74,583,0,108,16488,9.2,2.0,102.1,40.3,Weight Loss,53,Female
U053,2024-04-13,CrossFit,19,201,0,103,13423,8.0,3.9,60.9,17.6,Flexibility,51,Female
U054,2024-09-21,Running,15,171,1.04,148,16176,8.1,1.2,90.3,27.7,General Fitness,57,Male
U055,2024-09-02,Running,102,1215,10.16,139,5467,8.4,3.2,93.8,29.6,General Fitness,56,Male
U056,2024-09-23,CrossFit,28,264,0,132,14908,9.6,3.7,101.4,37.8,Flexibility,52,Female
U057,2024-04-30,Swimming,80,604,9.14,161,18780,6.4,3.0,82.8,24.0,General Fitness,47,Female
U058,2024-10-25,Weight Training,21,209,0,162,2280,7.9,2.4,79.8,28.8,General Fitness,59,Female
U059,2024-03-28,Yoga,55,453,0,122,12148,5.7,3.5,52.6,18.0,Flexibility,26,Female
U060,2024-05-12,HIIT,51,488,0,128,16808,9.0,4.0,56.5,19.4,Muscle Gain,39,Male
U061,2024-07-05,HIIT,95,898,0,162,3775,6.8,2.8,97.0,25.9,General Fitness,38,Female
U062,2024-06-05,Weight Training,101,856,0,143,4360,6.3,2.6,109.8,41.0,Weight Loss,49,Male
U063,2024-04-08,Running,71,679,4.24,149,17259,9.7,1.3,105.3,32.3,Endurance,60,Male
U064,2024-01-07,Running,77,658,5.53,164,7135,4.9,1.6,92.7,32.9,Muscle Gain,30,Female
U065,2024-07-20,HIIT,31,362,0,132,3416,8.4,1.7,95.9,25.6,Endurance,30,Male
U066,2024-04-06,CrossFit,45,323,0,132,5895,5.7,2.4,65.7,19.7,Muscle Gain,26,Male
U067,2024-07-01,Yoga,76,639,0,127,15889,8.8,2.0,52.0,19.2,Endurance,41,Female
U068,2024-06-07,CrossFit,20,227,0,109,3204,4.2,1.3,65.1,24.6,Endurance,41,Female
U069,2024-03-16,CrossFit,117,905,0,110,5531,7.3,1.7,89.8,35.6,Flexibility,18,Female
U070,2024-05-01,HIIT,18,145,0,141,5387,9.4,1.5,59.0,15.7,Weight Loss,41,Female
U071,2024-06-23,Yoga,51,404,0,135,10137,8.0,3.8,72.3,25.6,General Fitness,39,Male
U072,2024-04-20,Swimming,67,434,5.58,90,18374,7.0,3.3,86.3,26.1,Muscle Gain,59,Male
U073,2024-05-05,CrossFit,67,737,0,114,4022,5.6,3.5,52.1,16.9,Flexibility,54,Female
U074,2024-01-12,Swimming,69,774,7.33,113,8021,4.9,2.7,72.5,25.5,Flexibility,24,Female
U075,2024-10-26,Running,70,665,9.91,93,4199,9.7,3.0,60.4,24.4,Muscle Gain,34,Female
U076,2024-05-01,Running,73,588,7.12,110,5752,6.3,3.2,83.1,31.4,Muscle Gain,55,Male
U077,2024-03-22,Swimming,88,1006,11.29,168,6807,4.7,3.6,63.5,20.9,Muscle Gain,44,Male
U078,2024-05-26,Running,86,505,5.55,119,17181,6.7,1.8,77.2,31.3,General Fitness,53,Female
U079,2024-03-22,CrossFit,109,958,0,146,7456,9.3,3.8,53.7,20.3,General Fitness,19,Male
U080,2024-05-18,Swimming,68,804,7.16,127,10476,6.5,2.3,80.2,28.4,Flexibility,44,Male
U081,2024-06-24,Walking,119,1171,6.18,144,10692,6.6,3.1,65.4,18.6,Muscle Gain,41,Female
U082,2024-05-19,Weight Training,72,637,0,122,17377,7.0,3.7,65.7,22.0,Flexibility,38,Female
U083,2024-03-19,CrossFit,73,761,0,96,16220,4.5,3.7,80.8,25.1,General Fitness,37,Male
U084,2024-07-12,Walking,81,439,8.9,155,6804,9.4,3.1,54.3,16.6,Endurance,25,Female
U085,2024-10-04,Running,15,110,2.05,99,18906,9.6,1.1,73.2,21.7,General Fitness,18,Male
U086,2024-02-02,Cycling,103,1120,11.76,138,12014,10.0,3.9,84.6,29.4,Muscle Gain,47,Male
U087,2024-07-23,Cycling,37,382,5.54,107,13828,5.4,2.1,91.1,36.3,Weight Loss,23,Male
U088,2024-07-23,Yoga,86,441,0,146,2090,9.6,1.4,50.1,16.3,Flexibility,24,Female
U089,2024-10-07,Swimming,20,167,2.3,97,17443,9.0,1.2,63.6,21.5,General Fitness,41,Female
U090,2024-10-19,Walking,72,712,8.27,127,15509,4.5,1.2,108.5,43.1,Weight Loss,21,Female
U091,2024-05-27,Running,119,683,12.56,136,2920,8.4,1.0,52.9,18.5,General Fitness,48,Male
U092,2024-08-28,Weight Training,105,1026,0,112,3073,4.5,4.0,60.3,16.5,Endurance,57,Female
U093,2024-08-19,Yoga,97,797,0,132,9538,9.2,2.3,85.7,25.1,Endurance,34,Male
U094,2024-02-27,HIIT,34,261,0,168,10451,8.0,1.5,66.9,22.8,Endurance,31,Female
U095,2024-04-27,Yoga,20,231,0,136,5044,9.4,4.0,64.3,17.4,Flexibility,45,Female
U096,2024-08-22,CrossFit,63,550,0,138,2157,9.0,2.0,79.8,31.8,Endurance,56,Male
U097,2024-01-30,HIIT,81,574,0,140,18915,7.1,1.8,85.3,34.9,Muscle Gain,39,Female
U098,2024-04-17,Swimming,51,517,5.99,146,10371,5.6,1.1,87.0,27.7,Muscle Gain,34,Female
U099,2024-09-22,Weight Training,55,330,0,146,5580,4.6,1.3,91.5,37.0,Endurance,22,Female
U100,2024-10-22,Walking,101,804,10.22,160,12535,7.6,3.5,54.6,19.1,Flexibility,25,Male
U101,2024-03-20,Running,119,1144,14.56,115,11011,8.2,3.6,50.5,14.7,Muscle Gain,60,Female
U102,2024-10-21,Yoga,34,252,0,153,6399,4.1,3.6,67.8,19.2,General Fitness,48,Male
U103,2024-05-30,Swimming,23,252,3.0,150,10368,7.7,2.6,76.8,26.4,Muscle Gain,55,Male
U104,2024-08-08,CrossFit,28,234,0,160,10259,8.1,4.0,102.8,41.1,Weight Loss,47,Male
U105,2024-08-07,CrossFit,58,507,0,124,13276,8.8,2.9,103.8,35.1,General Fitness,50,Female
U106,2024-04-30,CrossFit,75,548,0,125,12793,7.1,3.7,95.5,25.5,Endurance,18,Male
U107,2024-08-10,Swimming,107,1235,15.96,117,15629,10.0,3.8,91.5,24.4,Muscle Gain,47,Female
U108,2024-09-27,Cycling,104,943,7.81,121,18906,7.6,1.3,100.4,28.2,Endurance,36,Female
U109,2024-07-24,Weight Training,69,692,0,134,15340,4.7,3.7,108.9,37.1,Muscle Gain,26,Male
U110,2024-01-18,Running,118,974,13.66,132,10268,7.1,3.6,108.1,42.7,Muscle Gain,26,Female
U111,2024-09-08,Yoga,45,303,0,117,16417,9.8,1.5,103.1,31.5,Weight Loss,52,Female
U112,2024-02-09,Swimming,51,361,7.0,135,15709,5.1,1.2,98.4,38.3,Muscle Gain,52,Male
U113,2024-06-12,CrossFit,84,918,0,161,17999,7.2,3.4,104.4,35.4,Endurance,40,Female
U114,2024-09-24,Walking,63,417,5.88,127,4618,7.1,1.1,87.7,28.0,Muscle Gain,39,Male
U115,2024-05-19,Cycling,36,410,3.68,159,14492,6.6,1.1,105.5,29.7,Flexibility,55,Female
U116,2024-04-22,Swimming,83,706,5.45,158,11389,6.7,1.1,59.2,21.8,Muscle Gain,57,Female
U117,2024-08-11,Cycling,116,1175,15.83,116,7221,9.5,1.6,76.0,26.2,Endurance,26,Female
U118,2024-08-24,CrossFit,84,648,0,144,19746,8.2,3.3,61.2,23.7,Flexibility,19,Male
U119,2024-07-27,Swimming,15,128,2.12,147,9421,9.0,2.3,54.8,16.1,Muscle Gain,60,Male
U120,2024-03-07,Weight Training,49,463,0,134,14067,6.9,2.0,75.5,28.5,Flexibility,49,Male
U121,2024-03-05,Running,47,343,3.95,135,17394,5.3,3.8,96.6,36.0,Muscle Gain,53,Female
U122,2024-05-28,CrossFit,17,122,0,110,10341,4.3,3.2,59.1,20.8,Flexibility,51,Male
U123,2024-02-05,CrossFit,73,696,0,127,5416,4.6,2.4,83.5,23.3,Endurance,55,Female
U124,2024-01-06,Yoga,66,731,0,148,9629,7.2,3.5,109.2,38.4,Endurance,35,Female
U125,2024-09-30,Walking,78,797,5.52,112,4311,9.8,1.5,82.7,29.2,Flexibility,46,Male
U126,2024-03-22,Running,99,1083,13.77,120,10577,9.6,2.7,85.6,24.0,Flexibility,35,Male
U127,2024-05-05,CrossFit,67,346,0,161,12585,5.2,1.3,106.6,43.3,General Fitness,50,Male
U128,2024-01-28,Cycling,45,452,4.52,101,14318,4.9,1.7,71.4,22.8,Endurance,53,Male
U129,2024-08-22,Running,84,816,12.15,136,9158,5.2,1.8,98.5,34.9,Weight Loss,26,Female
U130,2024-07-07,CrossFit,36,308,0,148,4322,10.0,3.8,71.9,24.2,Flexibility,55,Female
U131,2024-05-02,HIIT,78,575,0,133,14152,9.9,1.1,70.6,19.4,Flexibility,26,Male
U132,2024-06-09,CrossFit,29,205,0,136,11379,9.4,2.7,87.5,23.6,Muscle Gain,60,Female
U133,2024-02-04,Swimming,118,1360,17.02,157,18404,5.0,3.3,73.7,26.3,General Fitness,58,Male
U134,2024-03-10,Cycling,53,573,4.63,127,11694,5.9,1.2,62.3,17.9,Flexibility,58,Female
U135,2024-05-03,Yoga,74,474,0,155,19921,4.8,3.9,61.3,18.1,Muscle Gain,23,Male
U136,2024-01-12,Yoga,51,258,0,112,8562,10.0,2.3,67.4,19.0,General Fitness,34,Male
U137,2024-10-25,Swimming,117,1171,15.48,94,13852,8.3,3.0,71.2,22.5,General Fitness,21,Male
U138,2024-06-03,Yoga,119,993,0,122,4901,4.8,3.7,64.2,24.7,Flexibility,18,Male
U139,2024-08-09,Cycling,115,666,14.95,119,10584,8.8,3.1,78.4,29.5,Muscle Gain,47,Female
U140,2024-04-14,Walking,26,163,1.92,106,5800,8.6,1.5,96.4,29.8,General Fitness,23,Male
U141,2024-09-27,Running,26,182,3.53,161,3126,5.0,2.6,86.1,27.4,Weight Loss,55,Female
U142,2024-04-21,Walking,53,565,3.49,104,5528,8.1,3.6,52.2,20.1,Muscle Gain,38,Female
U143,2024-06-02,Weight Training,27,218,0,109,9651,8.6,3.6,87.6,28.7,Weight Loss,48,Male
U144,2024-01-19,Running,98,639,10.27,162,5022,7.7,3.7,97.6,32.2,Endurance,19,Male
U145,2024-07-07,Weight Training,107,689,0,110,2751,8.6,4.0,66.3,19.0,Flexibility,19,Female
U146,2024-03-19,Cycling,47,529,4.58,140,13303,4.3,3.1,77.2,22.5,Endurance,59,Female
U147,2024-09-14,Swimming,43,237,3.77,116,5855,6.4,3.5,89.7,24.0,Weight Loss,23,Male
U148,2024-04-15,HIIT,113,1268,0,146,3015,9.7,3.3,84.4,29.1,Weight Loss,45,Female
U149,2024-05-05,CrossFit,17,86,0,166,11205,6.4,2.8,100.2,34.3,Muscle Gain,33,Male
U150,2024-02-03,CrossFit,22,114,0,103,12429,7.1,1.0,51.6,16.9,Endurance,59,Male
U151,2024-05-30,Walking,40,269,2.86,117,3003,8.8,2.2,103.4,29.8,Endurance,52,Male
U152,2024-03-13,Swimming,46,380,5.06,90,18150,5.1,2.6,103.4,28.2,Endurance,53,Female
U153,2024-01-13,Yoga,60,432,0,104,8932,7.7,1.3,84.6,28.7,Muscle Gain,37,Male
U154,2024-04-08,Weight Training,69,584,0,161,8756,7.3,2.5,73.8,23.4,Muscle Gain,33,Male
U155,2024-08-08,Running,48,473,4.37,146,13930,7.1,2.2,103.9,37.7,Flexibility,35,Male
U156,2024-08-14,Walking,44,371,2.59,94,15117,5.4,2.4,70.7,27.0,Flexibility,43,Male
U157,2024-08-12,Cycling,48,360,3.85,155,5389,4.7,3.3,65.2,26.1,Muscle Gain,52,Male
U158,2024-01-16,Yoga,106,688,0,138,4242,4.4,2.6,57.1,20.4,Muscle Gain,42,Male
U159,2024-05-12,Cycling,81,749,7.29,92,12906,6.1,3.1,66.2,17.6,Muscle Gain,43,Male
U160,2024-05-19,Walking,79,811,11.26,119,18378,6.7,4.0,98.4,37.1,Endurance,35,Female
U161,2024-07-30,HIIT,101,795,0,144,2939,4.1,4.0,101.1,40.1,Muscle Gain,27,Female
U162,2024-08-15,Swimming,43,506,3.77,165,17452,9.4,3.1,91.4,27.9,Muscle Gain,42,Male
U163,2024-04-09,HIIT,99,1039,0,97,12644,9.0,2.9,51.3,14.7,Endurance,19,Male
U164,2024-01-10,Walking,102,1165,8.78,159,5719,4.4,2.2,91.6,33.5,Muscle Gain,35,Female
U165,2024-10-19,Yoga,39,432,0,150,17184,4.2,3.1,60.4,19.8,Endurance,60,Female
U166,2024-03-11,Cycling,54,576,5.91,135,10358,5.7,3.2,75.7,26.8,Weight Loss,48,Female
U167,2024-02-04,Walking,31,257,2.07,90,2392,4.7,3.9,94.5,24.9,Flexibility,31,Female
U168,2024-04-18,Yoga,74,670,0,126,12450,7.5,1.7,90.4,25.7,General Fitness,32,Male
U169,2024-01-07,Walking,50,568,5.07,152,4985,8.1,3.1,52.8,21.0,Flexibility,53,Male
U170,2024-05-18,Swimming,102,1018,8.0,133,16695,6.4,1.2,94.3,38.4,General Fitness,37,Female
U171,2024-10-04,Cycling,104,1190,8.2,170,10035,5.9,2.1,59.0,15.5,Muscle Gain,58,Male
U172,2024-04-16,CrossFit,36,349,0,150,13770,9.2,3.0,84.4,26.9,Weight Loss,26,Female
U173,2024-02-03,HIIT,63,435,0,148,17478,4.6,1.2,81.1,31.6,General Fitness,47,Male
U174,2024-06-02,Yoga,24,276,0,90,17979,8.4,1.4,109.3,42.8,Flexibility,34,Female
U175,2024-03-29,Walking,106,1012,15.56,164,18542,5.4,3.3,77.4,22.1,Endurance,49,Male
U176,2024-08-22,HIIT,105,660,0,153,17822,9.8,2.7,100.3,29.6,Weight Loss,21,Female
U177,2024-01-16,Cycling,95,572,7.05,132,5106,4.9,3.3,93.6,29.8,General Fitness,28,Male
U178,2024-07-03,Walking,76,684,8.25,168,15405,8.0,2.2,51.2,16.4,Muscle Gain,53,Male
U179,2024-01-01,HIIT,73,397,0,129,15189,8.5,3.0,58.0,22.8,Weight Loss,30,Female
U180,2024-09-19,Running,111,1137,14.9,92,16647,4.3,1.7,81.2,32.8,Flexibility,45,Male
U181,2024-08-10,Swimming,19,161,2.55,94,18870,5.4,2.5,85.6,25.9,Flexibility,37,Female
U182,2024-06-11,Walking,102,635,9.28,97,17557,8.8,3.0,66.1,23.2,Flexibility,26,Female
U183,2024-10-27,CrossFit,65,489,0,125,4942,8.6,2.5,80.1,26.8,Endurance,49,Female
U184,2024-08-11,HIIT,15,165,0,95,8351,5.8,3.3,95.3,38.4,Muscle Gain,43,Male
U185,2024-01-06,Running,42,246,5.22,122,13315,5.0,3.8,107.1,39.9,General Fitness,20,Female
U186,2024-05-19,Yoga,114,1176,0,138,9441,6.0,2.3,70.6,21.6,Flexibility,43,Female
U187,2024-07-02,HIIT,30,176,0,161,8557,6.9,2.9,85.6,35.2,Muscle Gain,43,Female
U188,2024-07-23,Weight Training,39,232,0,145,9554,5.3,1.8,59.0,15.9,Muscle Gain,51,Male
U189,2024-01-19,CrossFit,32,360,0,118,18295,8.0,1.6,95.1,35.7,Muscle Gain,32,Female
U190,2024-05-16,Running,15,132,1.63,108,8803,5.5,3.7,62.3,20.9,Muscle Gain,30,Male
U191,2024-02-12,Weight Training,102,598,0,170,19609,9.3,2.5,82.0,28.5,Muscle Gain,41,Female
U192,2024-02-28,Running,49,404,4.61,165,19162,8.8,2.9,72.3,19.5,Flexibility,44,Female
U193,2024-10-03,Running,98,920,7.8,135,12065,5.8,3.5,58.6,20.3,Muscle Gain,47,Male
U194,2024-09-28,Walking,52,270,3.67,108,16755,5.2,3.9,108.1,36.5,Endurance,57,Male
U195,2024-08-27,Yoga,107,1255,0,157,8992,7.8,2.7,63.3,21.1,General Fitness,31,Male
U196,2024-07-04,Cycling,103,783,7.6,102,18705,6.2,2.7,90.5,24.2,Weight Loss,19,Male
U197,2024-04-24,HIIT,16,124,0,145,19170,6.4,3.0,52.2,16.0,Endurance,49,Female
U198,2024-02-15,CrossFit,26,288,0,162,19429,6.6,1.4,85.0,25.1,Weight Loss,32,Female
U199,2024-08-14,Swimming,54,325,5.24,111,7003,4.6,2.1,95.6,35.3,Endurance,31,Female
U200,2024-06-13,Weight Training,91,839,0,168,13036,9.5,1.9,62.1,19.7,Endurance,44,Female
U001,2024-02-16,Walking,114,1098,9.9,99,17398,4.3,2.5,51.9,20.0,Weight Loss,60,Male
U002,2024-08-24,CrossFit,41,314,0,138,9256,8.1,3.9,71.1,24.4,Muscle Gain,29,Male
U003,2024-01-03,Weight Training,51,582,0,147,10778,7.4,2.8,53.9,16.3,Weight Loss,55,Male
U004,2024-03-19,Running,92,466,9.65,145,14986,8.3,3.2,94.9,35.6,Flexibility,37,Female
U005,2024-05-23,CrossFit,114,1183,0,163,8478,8.0,2.5,86.8,26.7,Weight Loss,48,Female
U006,2024-07-06,Running,115,1231,13.47,166,8482,7.0,3.8,67.6,18.2,General Fitness,24,Male
U007,2024-09-09,Yoga,59,605,0,121,10909,6.5,3.9,100.1,36.7,Muscle Gain,32,Female
U008,2024-06-25,Running,110,1143,15.31,131,6285,7.0,2.7,89.6,30.8,Weight Loss,53,Male
U009,2024-05-01,CrossFit,84,889,0,128,16724,6.7,2.8,105.3,33.8,Flexibility,35,Male
U010,2024-06-14,Yoga,60,318,0,141,18649,5.9,1.6,52.4,20.1,Weight Loss,27,Male
U011,2024-04-23,Running,80,881,9.16,139,11188,6.4,2.8,88.4,32.2,Endurance,32,Female
U012,2024-01-17,Yoga,82,642,0,132,7793,10.0,1.6,56.1,19.6,Muscle Gain,50,Female
U013,2024-10-27,Cycling,15,129,0.82,132,12169,6.5,1.9,75.6,20.7,Weight Loss,31,Female
U014,2024-02-29,Walking,48,388,4.61,164,6014,7.9,3.6,75.6,28.6,Endurance,20,Male
U015,2024-01-23,Walking,104,747,8.85,142,18472,8.3,3.1,88.3,24.2,Weight Loss,37,Male
U016,2024-07-24,HIIT,81,746,0,117,9100,6.2,3.5,75.0,22.2,Weight Loss,24,Male
U017,2024-01-06,HIIT,55,563,0,93,7483,7.5,3.4,78.9,22.7,Weight Loss,19,Male
U018,2024-02-16,Swimming,52,555,7.05,102,19759,4.6,2.1,53.3,15.6,General Fitness,36,Male
U019,2024-04-23,Weight Training,66,618,0,137,3185,9.3,2.0,84.5,25.5,General Fitness,44,Female
U020,2024-04-14,Cycling,79,634,9.17,99,17827,4.0,1.0,68.7,18.5,Muscle Gain,53,Female
U021,2024-02-08,Running,77,880,9.26,166,15846,4.5,3.9,63.2,18.0,Muscle Gain,35,Female
U022,2024-02-07,Swimming,32,169,4.39,123,3354,8.0,3.8,99.6,32.9,Flexibility,49,Female
U023,2024-04-02,HIIT,64,389,0,147,10352,7.2,2.2,56.4,16.9,Flexibility,26,Male
U024,2024-02-26,Weight Training,22,263,0,165,14143,9.7,2.3,79.4,31.5,Weight Loss,53,Female
U025,2024-04-23,Running,97,528,5.64,105,6317,9.2,3.1,96.8,26.8,Muscle Gain,21,Male
U026,2024-04-23,HIIT,60,545,0,155,18230,7.5,3.7,53.6,15.4,Weight Loss,36,Female
U027,2024-10-19,Walking,86,826,8.64,167,5455,9.1,3.6,92.2,28.4,Flexibility,53,Male
U028,2024-01-04,Yoga,60,312,0,110,4918,4.4,3.3,100.6,28.9,General Fitness,25,Female
U029,2024-10-04,Yoga,114,652,0,161,2436,5.5,3.2,98.4,27.7,Weight Loss,57,Female
U030,2024-01-16,Cycling,47,247,5.99,120,10951,6.5,2.0,66.8,18.5,Flexibility,18,Female
U031,2024-10-06,Running,67,723,7.99,148,10594,6.0,2.3,83.5,25.1,Endurance,54,Male
U032,2024-07-02,CrossFit,48,287,0,125,4561,5.8,3.0,89.5,32.2,Flexibility,59,Female
U033,2024-06-25,Walking,37,266,2.55,170,19486,5.7,2.2,73.4,29.2,Muscle Gain,20,Male
U034,2024-09-22,Walking,51,431,5.22,170,15135,4.7,4.0,90.3,31.2,Endurance,55,Male
U035,2024-10-03,Swimming,115,1349,10.21,167,16614,9.7,1.3,95.5,32.9,Flexibility,45,Male
U036,2024-07-30,Weight Training,54,495,0,106,10849,8.8,2.2,82.9,22.6,Flexibility,59,Male
U037,2024-09-11,Cycling,65,493,4.27,153,18091,8.9,1.9,59.5,16.3,Muscle Gain,31,Male
U038,2024-09-23,Swimming,56,337,3.8,115,13147,4.9,3.5,73.4,30.0,Endurance,51,Female
U039,2024-04-26,Walking,23,187,1.4,97,13124,8.6,1.0,71.6,21.1,Endurance,30,Male
U040,2024-04-27,Weight Training,107,624,0,124,14172,9.5,1.0,86.8,24.5,Endurance,60,Male
U041,2024-05-12,Weight Training,34,200,0,105,2217,7.6,3.6,105.3,33.2,Muscle Gain,24,Female
U042,2024-08-26,Cycling,50,551,6.54,158,17908,7.1,1.8,104.4,29.1,Flexibility,55,Male
U043,2024-10-16,Yoga,20,205,0,102,5760,6.6,2.6,63.7,23.8,General Fitness,23,Male
U044,2024-08-10,Running,20,212,2.13,109,12182,5.0,2.2,109.6,35.5,Muscle Gain,39,Female
U045,2024-09-29,CrossFit,72,850,0,134,6177,6.5,3.3,68.0,22.0,Muscle Gain,30,Female
U046,2024-10-12,Swimming,55,394,6.86,106,12548,5.2,1.4,103.9,27.7,Muscle Gain,53,Male
U047,2024-08-29,HIIT,20,237,0,122,13023,6.2,2.7,81.6,26.5,Muscle Gain,18,Female
U048,2024-06-02,CrossFit,65,540,0,138,14414,8.3,2.6,82.4,21.9,Endurance,50,Female
U049,2024-07-18,Cycling,107,1033,5.95,150,12269,5.2,3.1,99.3,29.4,General Fitness,41,Male
U050,2024-02-12,Cycling,62,647,7.5,140,6207,4.6,3.0,78.8,28.3,Endurance,34,Male
U051,2024-07-14,Running,96,1030,4.95,139,4674,5.7,1.9,58.5,16.8,Endurance,40,Female
U052,2024-07-04,Yoga,49,564,0,117,4265,7.6,2.8,78.7,22.4,Muscle Gain,32,Male
U053,2024-01-24,Yoga,115,1042,0,147,7394,7.7,3.5,78.0,31.0,Muscle Gain,58,Female
U054,2024-07-30,Weight Training,52,369,0,166,18263,6.2,3.1,92.1,26.2,Weight Loss,51,Male
U055,2024-08-21,CrossFit,80,625,0,106,5788,6.2,2.8,79.9,29.3,Flexibility,32,Male
U056,2024-06-13,CrossFit,51,463,0,95,8902,5.3,1.5,61.2,17.0,Endurance,53,Male
U057,2024-09-25,CrossFit,16,112,0,116,5855,9.9,3.2,102.7,28.4,Muscle Gain,43,Female
U058,2024-06-29,Yoga,73,605,0,153,10383,4.0,1.1,74.2,25.2,Flexibility,18,Male
U059,2024-04-02,CrossFit,63,739,0,107,7310,9.1,2.6,59.3,16.5,General Fitness,26,Male
U060,2024-05-13,Weight Training,79,624,0,158,7407,6.9,3.4,95.8,37.3,Muscle Gain,56,Male
U061,2024-07-22,Weight Training,16,181,0,136,16119,7.4,3.0,52.2,17.8,Weight Loss,35,Female
U062,2024-10-14,Weight Training,27,169,0,122,10671,5.2,2.0,98.7,35.8,Weight Loss,25,Female
U063,2024-02-15,Walking,59,335,8.65,113,5878,4.2,2.2,64.1,20.4,Flexibility,19,Female
U064,2024-07-04,Weight Training,116,885,0,170,19335,4.6,3.1,93.6,29.5,General Fitness,58,Female
U065,2024-07-28,Yoga,36,198,0,121,18372,7.4,1.6,56.3,16.4,Muscle Gain,43,Female
U066,2024-10-13,CrossFit,37,311,0,149,16013,7.1,2.4,72.0,27.0,Flexibility,22,Male
U067,2024-10-07,Yoga,26,218,0,166,4391,7.5,1.7,98.8,31.5,General Fitness,37,Male
U068,2024-01-15,Walking,115,970,7.25,115,2425,8.1,2.5,74.4,25.9,Weight Loss,24,Male
U069,2024-09-12,Cycling,43,398,3.59,157,2007,5.8,1.6,61.9,16.5,General Fitness,28,Male
U070,2024-07-15,Yoga,89,821,0,101,2083,9.2,2.6,73.6,21.0,Endurance,47,Male
U071,2024-01-14,Yoga,95,1127,0,167,4934,6.1,3.7,63.5,19.3,Flexibility,47,Female
U072,2024-04-02,CrossFit,100,661,0,147,7947,9.9,2.8,73.7,30.0,Muscle Gain,47,Male
U073,2024-05-16,Walking,54,354,3.64,136,18676,8.8,2.7,76.3,29.3,Endurance,57,Female
U074,2024-03-01,Cycling,100,1090,11.46,136,16546,7.7,1.5,102.6,34.0,Weight Loss,39,Female
U075,2024-09-17,Cycling,74,720,5.22,113,15556,4.0,3.9,75.4,26.5,General Fitness,52,Female
U076,2024-05-30,Cycling,19,218,1.95,167,17541,5.2,2.0,72.7,19.4,Muscle Gain,30,Female
U077,2024-08-05,Yoga,49,548,0,96,7512,6.3,1.5,73.7,24.1,Endurance,56,Female
U078,2024-08-14,Yoga,109,800,0,146,14689,6.3,1.8,85.0,31.0,Weight Loss,40,Female
U079,2024-07-05,Weight Training,50,548,0,122,12476,7.9,3.2,57.8,23.8,Muscle Gain,46,Female
U080,2024-06-19,Swimming,91,867,9.64,124,19177,7.7,1.9,63.6,19.6,Weight Loss,33,Female
U081,2024-09-30,HIIT,50,443,0,94,17795,7.1,2.1,81.9,30.8,Endurance,43,Male
U082,2024-01-15,Swimming,107,989,8.0,166,14444,5.8,3.2,52.6,14.3,Flexibility,32,Female
U083,2024-05-11,Weight Training,22,259,0,125,4862,6.1,3.2,73.2,27.9,Weight Loss,38,Male
U084,2024-04-13,Running,117,1189,7.5,136,18925,5.4,2.6,87.9,29.6,Endurance,43,Female
U085,2024-09-05,Yoga,97,774,0,140,16151,8.5,1.7,101.0,27.1,Muscle Gain,54,Female
U086,2024-01-28,Yoga,29,213,0,108,3759,8.3,3.3,67.0,19.0,Weight Loss,19,Male
U087,2024-09-22,CrossFit,70,372,0,158,5610,8.1,2.8,56.9,20.4,Endurance,55,Female
U088,2024-05-14,CrossFit,87,821,0,115,18985,5.2,1.7,100.1,33.8,Endurance,31,Female
U089,2024-06-25,CrossFit,98,744,0,150,19304,7.5,3.6,51.4,14.6,Muscle Gain,44,Male
U090,2024-10-04,Swimming,112,926,13.73,157,17413,6.0,3.3,53.6,21.4,Weight Loss,28,Male
U091,2024-09-23,Weight Training,107,833,0,102,9157,7.4,1.4,79.5,29.2,Endurance,24,Male
U092,2024-09-07,Weight Training,78,614,0,154,16611,4.1,3.7,80.3,21.3,General Fitness,22,Male
U093,2024-10-02,Walking,97,731,13.45,144,10759,4.2,1.1,77.3,29.0,Endurance,46,Female
U094,2024-06-17,Weight Training,118,598,0,122,18958,9.0,2.1,62.8,17.0,Endurance,18,Female
U095,2024-09-16,Yoga,94,555,0,113,18845,4.3,1.0,57.1,19.1,Muscle Gain,60,Female
U096,2024-05-16,Yoga,46,468,0,100,16025,7.0,2.6,94.8,30.9,Endurance,35,Male
U097,2024-07-09,HIIT,110,1002,0,93,8550,10.0,3.9,52.0,16.0,Flexibility,18,Female
U098,2024-07-24,Swimming,69,644,8.84,105,13849,5.0,3.5,88.9,24.4,Flexibility,30,Male
U099,2024-05-05,Running,91,978,6.05,121,13738,9.1,2.2,65.9,27.4,Weight Loss,46,Male
U100,2024-07-01,HIIT,50,531,0,97,7898,8.1,1.6,59.8,23.4,Muscle Gain,23,Female
U101,2024-09-21,Running,17,119,1.19,158,6588,8.2,3.3,91.6,31.6,Muscle Gain,21,Female
U102,2024-07-02,Cycling,115,1132,12.27,97,13357,5.8,1.9,76.9,20.9,Flexibility,49,Female
U103,2024-02-23,Weight Training,90,961,0,109,10876,9.0,2.0,90.8,33.6,Endurance,23,Male
U104,2024-06-30,CrossFit,33,363,0,114,18882,9.2,2.3,66.5,25.9,Weight Loss,50,Female
U105,2024-01-22,Swimming,61,460,5.9,143,19297,8.7,3.0,54.8,15.0,Muscle Gain,21,Male
U106,2024-06-22,Walking,108,1089,14.37,132,11939,5.6,2.5,73.3,22.1,Weight Loss,36,Female
U107,2024-06-19,Cycling,106,1157,13.11,155,6463,7.9,1.9,92.7,37.8,Weight Loss,46,Female
U108,2024-09-16,HIIT,59,618,0,166,8892,6.2,2.0,80.6,22.5,Muscle Gain,60,Male
U109,2024-07-09,CrossFit,71,740,0,128,16648,8.6,2.4,79.8,26.1,General Fitness,29,Female
U110,2024-05-07,Yoga,105,611,0,117,18853,6.7,3.6,94.2,26.8,Flexibility,56,Female
U111,2024-08-01,Running,17,143,2.06,132,13933,7.6,1.9,99.9,31.6,Flexibility,34,Male
U112,2024-04-23,Walking,69,409,8.13,133,15820,8.0,2.5,59.2,20.6,Endurance,19,Male
U113,2024-03-19,CrossFit,70,568,0,169,2682,6.3,1.4,59.3,17.1,Flexibility,27,Female
U114,2024-01-26,Walking,61,389,3.43,126,14052,9.7,3.1,62.1,24.5,Weight Loss,39,Female
U115,2024-08-10,HIIT,58,515,0,127,13573,6.1,3.9,103.3,35.9,Muscle Gain,25,Female
U116,2024-01-04,Weight Training,41,312,0,151,15586,6.5,1.2,99.2,30.8,Endurance,55,Male
U117,2024-10-13,Running,79,625,9.62,127,8583,4.5,1.3,104.6,31.5,Endurance,28,Male
U118,2024-02-05,CrossFit,89,589,0,140,14573,9.3,3.3,87.0,23.2,Flexibility,20,Female
U119,2024-01-23,Running,26,136,2.27,160,8452,7.6,1.3,72.2,27.1,Muscle Gain,43,Female
U120,2024-01-02,Running,19,176,1.31,120,9115,9.6,2.3,80.0,32.6,Muscle Gain,52,Female
U121,2024-07-30,Swimming,98,1172,5.52,158,8922,7.2,1.8,106.3,34.4,Flexibility,45,Female
U122,2024-04-05,Weight Training,110,1229,0,107,2258,7.3,1.9,92.0,34.9,Flexibility,45,Female
U123,2024-03-26,CrossFit,50,302,0,142,12058,5.6,1.1,77.8,24.7,Flexibility,56,Female
U124,2024-06-03,Walking,45,364,5.78,131,18983,4.6,3.1,78.5,22.2,Endurance,57,Male
U125,2024-10-18,Yoga,64,555,0,101,12025,9.6,1.8,98.9,36.9,General Fitness,39,Male
U126,2024-07-12,Cycling,118,860,15.44,141,12189,7.9,1.6,66.7,18.0,General Fitness,18,Female
U127,2024-03-03,Yoga,113,1320,0,139,14795,6.5,4.0,81.2,21.7,General Fitness,29,Male
U128,2024-08-27,Swimming,46,444,5.29,107,10725,6.3,2.5,61.1,24.8,Muscle Gain,32,Female
U129,2024-09-23,Yoga,21,249,0,98,8676,7.1,2.5,68.0,18.8,Endurance,49,Male
U130,2024-07-09,Running,48,504,3.97,139,12667,8.1,2.3,74.0,21.0,Flexibility,50,Female
U131,2024-05-15,Running,21,235,1.76,106,14962,7.8,2.4,75.5,23.2,Muscle Gain,44,Male
U132,2024-02-01,Swimming,74,388,6.74,122,16234,6.1,3.6,98.0,37.3,Endurance,27,Male
U133,2024-09-27,Walking,71,479,8.63,137,6498,4.3,2.0,87.9,34.9,Endurance,60,Male
U134,2024-02-14,HIIT,67,510,0,102,9714,5.3,3.6,82.8,33.6,Endurance,30,Male
U135,2024-01-25,Swimming,105,938,14.36,150,15871,6.5,4.0,61.2,20.1,Endurance,26,Male
U136,2024-09-08,Weight Training,85,481,0,141,3328,9.5,3.2,80.3,21.4,Weight Loss,20,Female
U137,2024-07-27,Swimming,31,285,3.19,134,17044,9.4,3.0,100.0,35.9,Endurance,57,Male
U138,2024-04-20,HIIT,31,257,0,113,13512,7.7,2.3,107.4,30.7,Endurance,50,Male
U139,2024-08-07,Running,54,626,2.73,151,17700,8.4,3.2,72.0,26.8,Weight Loss,18,Male
U140,2024-08-16,Swimming,28,218,3.05,126,13113,8.8,1.6,77.6,28.1,Muscle Gain,27,Male
U141,2024-06-28,Yoga,46,256,0,106,16531,5.7,3.4,60.8,20.6,Flexibility,20,Male
U142,2024-06-15,Weight Training,40,312,0,142,13658,6.0,1.1,95.8,35.2,Endurance,39,Male
U143,2024-06-09,Walking,73,845,10.18,120,15277,7.8,2.4,53.4,17.8,Weight Loss,18,Male
U144,2024-02-06,HIIT,110,1201,0,145,17972,4.3,2.7,69.2,18.5,Muscle Gain,23,Male
U145,2024-04-28,Walking,73,809,8.02,113,9894,6.2,3.4,84.5,31.3,Weight Loss,58,Female
U146,2024-01-29,Yoga,82,571,0,164,12475,9.8,3.6,75.1,24.8,Flexibility,55,Female
U147,2024-09-27,Weight Training,33,363,0,157,9444,4.2,1.8,73.8,26.9,Endurance,58,Female
U148,2024-10-05,Cycling,88,455,10.74,128,4255,9.1,3.0,53.9,16.0,General Fitness,20,Female
U149,2024-01-04,Cycling,21,194,1.45,140,13961,8.3,1.7,75.0,21.8,Endurance,48,Female
U150,2024-05-14,Yoga,39,322,0,96,2094,7.5,2.6,66.9,22.8,Muscle Gain,46,Female
U151,2024-04-04,Running,96,914,5.72,149,2351,9.0,3.2,76.5,30.1,Endurance,57,Male
U152,2024-09-27,Weight Training,42,480,0,170,17423,4.6,2.9,100.8,34.9,Weight Loss,47,Female
U153,2024-05-02,CrossFit,62,325,0,167,5093,7.0,3.2,108.1,31.3,Weight Loss,22,Male
U154,2024-02-07,HIIT,107,806,0,165,4751,8.6,2.8,82.9,30.5,Flexibility,55,Male
U155,2024-05-31,Walking,51,484,2.69,167,10444,8.3,1.1,71.0,21.0,Endurance,27,Female
U156,2024-01-07,Weight Training,62,512,0,153,14523,9.2,1.0,65.7,25.0,Flexibility,52,Female
U157,2024-07-15,Walking,33,315,4.03,147,5626,7.5,3.5,74.6,21.7,Weight Loss,25,Female
U158,2024-10-19,Running,109,634,16.24,118,16287,9.0,2.8,54.1,19.6,Weight Loss,53,Male
U159,2024-09-25,CrossFit,21,112,0,115,6454,7.0,2.2,60.1,24.7,Flexibility,47,Female
U160,2024-02-23,CrossFit,115,615,0,125,17209,4.8,2.2,57.8,15.5,General Fitness,39,Female
U161,2024-10-15,Walking,54,434,7.91,147,8628,7.8,3.9,71.7,21.5,Weight Loss,55,Male
U162,2024-08-23,Swimming,19,142,2.5,105,8706,6.2,1.7,105.6,29.8,Endurance,51,Male
U163,2024-08-01,HIIT,20,106,0,135,5468,6.5,3.2,102.8,30.4,Flexibility,30,Female
U164,2024-05-02,Cycling,85,502,5.21,153,10589,7.1,3.8,66.9,22.3,Endurance,57,Female
U165,2024-03-15,Yoga,42,367,0,137,14669,7.6,2.8,95.1,36.2,Weight Loss,23,Male
U166,2024-08-03,Running,104,796,7.84,163,6033,4.9,3.4,56.7,22.6,General Fitness,54,Male
U167,2024-01-21,Weight Training,62,413,0,94,8975,7.8,1.7,83.3,26.5,Endurance,59,Female
U168,2024-03-28,Swimming,80,846,9.79,151,14252,5.4,2.0,69.9,23.6,Weight Loss,26,Female
U169,2024-04-10,CrossFit,47,392,0,105,5726,5.1,1.5,85.5,25.9,Endurance,41,Male
U170,2024-08-08,CrossFit,44,395,0,111,6179,4.8,1.7,76.4,25.4,Endurance,18,Male
U171,2024-09-03,Yoga,102,1024,0,146,14239,9.0,2.9,53.3,18.9,Flexibility,48,Male
U172,2024-02-09,CrossFit,53,340,0,106,11871,5.3,2.9,62.4,22.9,Weight Loss,39,Female
U173,2024-04-06,HIIT,19,208,0,108,17054,4.9,2.9,80.9,23.8,Flexibility,55,Female
U174,2024-10-01,CrossFit,97,724,0,143,8109,9.3,1.8,62.0,24.5,Flexibility,47,Male
U175,2024-02-24,HIIT,56,286,0,163,10921,5.4,3.8,88.6,32.2,Weight Loss,22,Male
U176,2024-02-28,Yoga,33,363,0,165,17530,5.6,1.6,66.7,21.0,Weight Loss,24,Male
U177,2024-07-08,Walking,93,1046,10.44,104,9016,9.8,3.3,101.8,32.0,Flexibility,38,Male
U178,2024-08-22,Yoga,116,988,0,99,5301,4.5,3.1,52.3,19.8,Endurance,43,Male
U179,2024-08-01,Cycling,67,469,9.6,110,14594,5.1,3.5,70.1,24.9,Muscle Gain,18,Male
U180,2024-02-12,Cycling,44,325,3.3,139,7558,4.9,1.7,67.1,22.0,Flexibility,33,Female
U181,2024-01-26,Weight Training,50,384,0,97,13158,9.0,1.8,91.1,27.0,Flexibility,21,Male
U182,2024-02-13,Cycling,21,169,3.14,135,5550,6.3,2.0,54.5,16.8,Muscle Gain,18,Male
U183,2024-02-13,Swimming,52,490,5.14,141,4207,6.3,1.1,86.4,29.1,General Fitness,39,Female
U184,2024-02-04,Cycling,39,254,2.72,140,13785,8.4,1.0,81.1,21.5,Endurance,45,Female
U185,2024-06-04,Cycling,71,676,4.25,137,17513,7.3,2.7,92.2,35.1,General Fitness,29,Male
U186,2024-05-28,Cycling,119,1082,7.33,103,11277,5.0,2.7,86.5,28.2,Weight Loss,36,Male
U187,2024-01-03,Cycling,42,449,6.14,140,8211,7.5,1.9,60.1,21.3,Weight Loss,28,Male
U188,2024-09-19,Cycling,72,512,3.91,96,18583,7.9,3.1,76.2,20.2,General Fitness,43,Female
U189,2024-07-16,HIIT,94,665,0,99,19775,4.9,1.6,98.0,38.3,Flexibility,60,Female
U190,2024-02-28,Cycling,68,488,5.26,163,6055,10.0,3.9,61.5,23.7,General Fitness,59,Male
U191,2024-04-30,Cycling,27,171,2.75,107,9134,4.6,2.2,102.7,29.8,Endurance,29,Female
U192,2024-03-21,Running,108,634,14.92,122,14928,5.0,2.2,100.0,30.8,Weight Loss,26,Female
U193,2024-07-16,Weight Training,111,1239,0,110,9921,7.2,2.3,52.4,17.5,Weight Loss,37,Male
U194,2024-08-28,Weight Training,98,1171,0,165,19539,7.0,3.1,104.0,30.9,Endurance,21,Female
U195,2024-04-21,CrossFit,32,176,0,147,13076,5.1,1.9,91.3,37.6,Weight Loss,41,Male
U196,2024-03-11,Running,103,1000,13.43,166,18156,9.8,1.4,97.9,27.9,Endurance,35,Male
U197,2024-04-29,Walking,59,414,3.33,158,8795,7.6,2.5,100.6,29.4,General Fitness,53,Female
U198,2024-04-08,Swimming,43,382,2.59,160,7546,8.8,2.5,61.4,21.2,Muscle Gain,47,Female
U199,2024-04-28,Running,76,850,9.41,95,10984,5.1,3.6,71.1,19.4,Weight Loss,51,Female
U200,2024-08-27,Weight Training,24,257,0,144,8130,8.0,3.0,69.1,24.6,Weight Loss,40,Male
U001,2024-10-16,CrossFit,98,492,0,151,14286,4.0,2.7,105.1,28.8,Endurance,60,Female
